cutoff_date,codneg,nomres,especi,codemi,doc_env,per_fim,shares_outstanding,net_debt,ebit,roic,market_cap,enterprise_value,earnings_yield,rank_final
2011-04-11,LREN3,LOJAS RENNER,ON      NM,LREN,2011-02-16 19:53:52,2010-12-31,122349000.0,-27159000.0,404474000.0,0.4068545057129263,802891572.4112417,830050572.4112417,0.4872883815079242,1.0
2011-04-11,TOTS3,TOTVS,ON      NM,TOTS,2011-01-31 19:05:59,2010-12-31,31459000.0,179421000.0,211669000.0,0.2609984993779262,274713508.0526299,95292508.05262989,2.221255420028357,2.0
2011-04-11,BRAP4,BRADESPAR,PN      N1,BRAP,2011-03-25 16:48:14,2010-12-31,349548000.0,2471046000.0,2453397000.0,0.2584302790405772,6193350721.030798,3722304721.030798,0.6591069737355071,3.0
2011-04-11,ETER3,ETERNIT,ON      NM,ETER,2011-03-11 11:18:46,2010-12-31,89500000.0,-56717000.0,123661000.0,0.3475849701494215,304013624.68127304,360730624.68127304,0.3428070464193658,4.0
2011-04-11,POMO4,MARCOPOLO,PN      N2,POMO,2011-02-24 09:29:57,2010-12-31,448450042.0,636424000.0,363792000.0,0.2273964348355496,1153386112.0954866,516962112.09548664,0.7037111453398058,5.0
2011-04-11,ECOR3,ECORODOVIAS,ON      NM,ECOR,2011-05-16 18:50:28,2010-12-31,558699000.0,898666000.0,969445000.0,0.3608535610766739,4928156517.574814,4029490517.574814,0.24058748761703735,6.0
2011-04-11,VALE3,VALE,ON      N1,VALE,2011-02-24 23:49:15,2010-12-31,5365305000.0,30321395000.0,40442258000.0,0.2757772801107717,150675857683.9668,120354462683.9668,0.33602624363165867,7.0
2011-04-11,MDIA3,M.DIASBRANCO,ON      NM,MDIA,2011-02-28 22:53:10,2010-12-31,113450000.0,221828000.0,412735000.0,0.2082054334639026,1180897107.157697,959069107.157697,0.4303495930790472,8.0
2011-04-11,NATU3,NATURA,ON      NM,NATU,2011-02-24 10:38:54,2010-12-31,430881000.0,131434000.0,1167906000.0,0.8408637978999752,7450280622.460648,7318846622.460648,0.15957514349540253,9.0
2011-04-11,RAPT4,RANDON PART,PN      N1,RAPT,2011-03-16 07:37:57,2010-12-31,243785000.0,69816000.0,450228000.0,0.2667926080170281,1690202789.1862836,1620386789.1862836,0.2778521788776696,10.0
2011-04-11,UGPA4,ULTRAPAR,PN      N1,UGPA,2011-02-24 00:53:54,2010-12-31,136095999.0,2195406000.0,1245517000.0,0.1689755608100893,3865126371.6,1669720371.6,0.7459434652560959,11.0
2011-04-11,VLID3,VALID,ON      NM,VLID,2011-03-21 17:32:53,2010-12-31,51500000.0,44942000.0,137579000.0,0.2751624025984416,646071227.3743371,601129227.3743371,0.2288675940794447,12.0
2011-04-11,CCIM3,CC DES IMOB,ON      NM,CCIM,2011-03-21 21:32:57,2010-12-31,113000000.0,522616000.0,193840000.0,0.149055408256796,750320000.0,227704000.0,0.851280609914626,13.0
2011-04-11,TGMA3,TEGMA,ON  ED  NM,TGMA,2011-03-01 23:08:15,2010-12-31,66003000.0,13010000.0,168438000.0,0.3890813837454263,1212922691.4487474,1199912691.4487474,0.1403752132970873,14.0
2011-04-11,AUTM3,AUTOMETAL,ON      NM,AUTM,2011-04-28 15:51:14,2010-12-31,94425000.0,252107000.0,247233000.0,0.2865296869802852,1606169250.0000002,1354062250.0000002,0.18258614033439005,15.0
2011-04-11,EVEN3,EVEN,ON      NM,EVEN,2011-03-29 16:21:41,2010-12-31,233293408.0,663029000.0,336447000.0,0.1623100576689472,1424287884.3992293,761258884.3992293,0.4419613444190112,16.0
2011-04-11,LPSB3,LOPES BRASIL,ON      NM,LPSB,2011-03-25 00:54:58,2010-12-31,55202000.0,-278450000.0,146538000.0,2.61955666785842,1017834812.991575,1296284812.991575,0.11304460141118108,17.0
2011-04-11,WEGE3,WEG,ON      NM,WEGE,2011-02-23 09:33:59,2010-12-31,620905029.0,-134053000.0,602637000.0,0.1767376399025979,1587075321.3918555,1721128321.3918555,0.3501406562833472,18.0
2011-04-11,ALPA4,ALPARGATAS,PN      N1,ALPA,2011-03-30 16:55:23,2010-12-31,353456000.0,-358705000.0,324225000.0,0.327709204259689,1867277710.6524143,2225982710.6524143,0.14565477011498115,19.0
2011-04-11,EZTC3,EZTEC,ON      NM,EZTC,2011-03-22 21:04:06,2010-12-31,146724120.0,-135131000.0,227177000.0,0.2314563973302388,925164801.4812332,1060295801.4812332,0.21425813408167205,20.0
2011-04-11,HBOR3,HELBOR,ON      NM,HBOR,2011-03-17 09:40:09,2010-12-31,65097000.0,246747000.0,198056000.0,0.2032231518591712,1050455100.4816631,803708100.4816631,0.24642777630498539,21.0
2011-04-11,MYPK3,IOCHP-MAXION,ON      NM,MYPK,2011-02-23 21:34:45,2010-12-31,98537000.0,408150000.0,261557000.0,0.2202514782684848,1570243380.100141,1162093380.100141,0.22507399532510963,22.0
2011-04-11,JHSF3,JHSF PART,ON      NM,JHSF,2011-03-30 13:02:47,2010-12-31,426374825.0,31994000.0,235025000.0,0.2116459530844341,1239907993.520614,1207913993.520614,0.19457097215588234,23.0
2011-04-11,HGTX3,CIA HERING,ON      NM,HGTX,2011-03-04 09:25:46,2010-12-31,162722000.0,-61039000.0,253369000.0,0.5423311964211179,3359406801.895243,3420445801.895243,0.0740748471616215,24.0
2011-04-11,FLRY3,FLEURY,ON      NM,FLRY,2011-03-14 10:21:13,2010-12-31,131298550.0,-453044000.0,168605000.0,0.3017490546013576,1011688431.9024833,1464732431.9024835,0.1151097608871851,25.0
2011-04-11,GRND3,GRENDENE,ON      NM,GRND,2011-02-25 09:54:33,2010-12-31,300720000.0,-852493000.0,208413000.0,0.2531825023415491,518726391.34293985,1371219391.3429399,0.15199099525268908,26.0
2011-04-11,JSLG3,JSL,ON      NM,JSLG,2011-11-29 19:18:15,2010-12-31,198890000.0,1079611000.0,241216000.0,0.1274371666024768,1613374328.7486227,533763328.74862266,0.45191564689450847,27.0
2011-04-11,AMAR3,LOJAS MARISA,ON      NM,AMAR,2011-02-18 15:38:17,2010-12-31,184551000.0,37209000.0,285953000.0,0.3324053128494607,3550448742.8147383,3513239742.8147383,0.0813929651640853,28.0
2011-04-11,EUCA4,EUCATEX,PN      N1,EUCA,2011-04-12 16:07:16,2010-12-31,92619000.0,153320000.0,168533000.0,0.1545900588244466,663107952.816075,509787952.81607497,0.3305943168508036,29.0
2011-04-11,DIRR3,DIRECIONAL,ON      NM,DIRR,2011-04-05 16:03:49,2010-12-31,133407162.0,111523000.0,158758000.0,0.1690033192176099,849624505.3110875,738101505.3110875,0.21508965753035322,30.0
2012-04-09,FHER3,FER HERINGER,ON      NM,FHER,2012-03-14 08:59:20,2011-12-31,48471000.0,611982000.0,306054000.0,0.2819230762144964,640301910.0,28319910.0,10.807025869785603,1.0
2012-04-09,LREN3,LOJAS RENNER,ON      NM,LREN,2012-02-08 18:36:54,2011-12-31,122821000.0,259898000.0,472633000.0,0.3340408058260112,961854987.3957851,701956987.3957851,0.6733076363459787,2.0
2012-04-09,VALE3,VALE,ON      N1,VALE,2012-06-28 12:06:54,2011-12-31,5365305000.0,39166496000.0,53087424000.0,0.2856360703774495,124494141143.0247,85327645143.0247,0.6221597222215121,3.0
2012-04-09,RENT3,LOCALIZA,ON      NM,RENT,2012-03-13 08:21:28,2011-12-31,201708000.0,1363423000.0,595707000.0,0.2398170535819961,1587681681.5901687,224258681.5901687,2.65633863436623,4.0
2012-04-09,ETER3,ETERNIT,ON      NM,ETER,2012-03-12 17:47:08,2011-12-31,89500000.0,-20477000.0,117301000.0,0.2808736941160695,272681948.549416,293158948.549416,0.4001276460446415,5.0
2012-04-09,NATU3,NATURA,ON      NM,NATU,2012-02-15 19:19:16,2011-12-31,431239000.0,671089000.0,1315070000.0,0.6844567368297235,6957460565.991753,6286371565.991753,0.20919380698307982,6.0
2012-04-09,LAME4,LOJAS AMERIC,PN  INT,LAME,2012-03-06 20:23:09,2011-12-31,774971710.0,2611450000.0,1140573000.0,0.302549048006328,6783052533.198468,4171602533.198468,0.27341363203303437,7.0
2012-04-09,BRAP4,BRADESPAR,PN      N1,BRAP,2012-03-16 19:07:53,2011-12-31,349548000.0,582935000.0,2167700000.0,0.2341538638358069,5100325286.2756815,4517390286.2756815,0.47985670102176164,8.0
2012-04-09,SLED4,SARAIVA LIVR,PN      N2,SLED,2012-03-22 17:05:21,2011-12-31,28596000.0,274127000.0,139592000.0,0.1885527343064076,460136849.7738662,186009849.77386618,0.7504548827371412,9.0
2012-04-09,POMO4,MARCOPOLO,PN      N2,POMO,2012-02-28 08:05:25,2011-12-31,448450042.0,580316000.0,428482000.0,0.2445941564372351,1700001448.7370696,1119685448.7370696,0.3826806899056329,10.0
2012-04-09,LEVE3,METAL LEVE,ON      NM,LEVE,2012-03-10 01:12:22,2011-12-31,42769500.0,350283000.0,242078000.0,0.1430415850991603,413179229.4871736,62896229.48717362,3.8488475696204776,11.0
2012-04-09,TOTS3,TOTVS,ON      NM,TOTS,2012-01-31 18:13:08,2011-12-31,159466791.0,18156000.0,226199000.0,0.29452112762248,1422977098.6800938,1404821098.6800938,0.16101623204016963,12.0
2012-04-09,BRPR3,BR PROPERT,ON      NM,BRPR,2012-07-10 14:31:08,2011-12-31,180004000.0,1051012000.0,733074000.0,0.1545348664399119,2110293032.4599602,1059281032.4599602,0.6920486419903016,13.0
2012-04-09,MDIA3,M.DIASBRANCO,ON      NM,MDIA,2012-03-05 19:39:05,2011-12-31,113450000.0,480204000.0,415660000.0,0.1672018687220356,1525081466.4073243,1044877466.4073243,0.39780741126439734,14.0
2012-04-09,RAPT4,RANDON PART,PN  ED  N1,RAPT,2012-02-28 08:02:22,2011-12-31,243785000.0,379538000.0,459779000.0,0.2051764115782258,1640218469.419462,1260680469.419462,0.36470700637706105,15.0
2012-04-09,WEGE3,WEG,ON      NM,WEGE,2012-02-15 10:37:36,2011-12-31,620405029.0,526113000.0,663125000.0,0.1495983713770968,1455179691.3477798,929066691.3477798,0.7137539276518642,16.0
2012-04-09,TAMM4,TAM S/A,PN      N2,TAMM,2012-02-13 09:01:48,2011-12-31,156206000.0,6829643000.0,1017885000.0,0.1136823701945204,6941794640.0,112151640.0,9.075970712510312,17.0
2012-04-09,ODPV3,ODONTOPREV,ON  EDB NM,ODPV,2012-03-01 18:33:38,2011-12-31,177098264.0,-207831000.0,179285000.0,0.3223338709010462,1243866715.1430566,1451697715.1430566,0.1235002288216266,18.0
2012-04-09,VLID3,VALID,ON      NM,VLID,2012-03-21 17:56:17,2011-12-31,55750000.0,41894000.0,155710000.0,0.2855995187122618,1023107668.285309,981213668.285309,0.15869122601207383,19.0
2012-04-09,MRVE3,MRV,ON      NM,MRVE,2012-03-15 23:02:15,2011-12-31,482710000.0,1746510000.0,893023000.0,0.1648678441952228,4143162094.6444874,2396652094.6444874,0.37261269668448416,20.0
2012-04-09,CCRO3,CCR SA,ON      NM,CCRO,2012-03-07 21:25:25,2011-12-31,1765587200.0,6184540000.0,2277019000.0,0.2422681514732536,17881512155.75989,11696972155.759892,0.19466738654060461,21.0
2012-04-09,TGMA3,TEGMA,ON      NM,TGMA,2012-03-14 20:54:35,2011-12-31,66003000.0,222532000.0,178253000.0,0.2872176210885888,1447483725.148163,1224951725.148163,0.14551838765600297,22.0
2012-04-09,EZTC3,EZTEC,ON      NM,EZTC,2012-03-13 22:12:01,2011-12-31,146724120.0,-241350000.0,288502000.0,0.2453225352483947,1407112124.4698248,1648462124.4698248,0.17501281692643528,23.0
2012-04-09,MYPK3,IOCHP-MAXION,ON      NM,MYPK,2012-02-27 19:36:53,2011-12-31,94863000.0,519373000.0,358253000.0,0.2491340361183955,2640526424.054281,2121153424.0542812,0.1688953735912467,24.0
2012-04-09,ECOR3,ECORODOVIAS,ON      NM,ECOR,2012-03-15 18:37:08,2011-12-31,558699000.0,1041506000.0,788268000.0,0.2693453545351323,6240673742.659567,5199167742.659567,0.1516142657856951,25.0
2012-04-09,SLCE3,SLC AGRICOLA,ON      NM,SLCE,2012-03-28 17:54:55,2011-12-31,98897500.0,509568000.0,256880000.0,0.1057204614034712,560257591.6231601,50689591.623160124,5.067707033619724,26.0
2012-04-09,UGPA3,ULTRAPAR,ON      NM,UGPA,2012-02-16 11:00:54,2011-12-31,544383996.0,2853744000.0,1452191000.0,0.1722446263660926,8274779776.080322,5421035776.080322,0.2678807261165146,27.0
2012-04-09,EVEN3,EVEN,ON      NM,EVEN,2012-03-27 20:10:51,2011-12-31,233293408.0,977548000.0,280707000.0,0.1091386465590107,1220681577.1755288,243133577.17552876,1.154538189504551,28.0
2012-04-09,BRML3,BR MALLS PAR,ON      NM,BRML,2012-10-18 02:39:31,2011-12-31,449542000.0,2672954000.0,1445374000.0,0.1457664884539952,6359180544.101202,3686226544.101202,0.39210124030844656,29.0
2012-04-09,HBOR3,HELBOR,ON      NM,HBOR,2012-03-14 19:27:51,2011-12-31,65097000.0,539662000.0,236683000.0,0.1633812053249393,1485148749.3953164,945486749.3953164,0.25032926178116194,30.0
2013-04-10,CSAN3,COSAN,ON      NM,CSAN,2012-05-31 00:22:35,2012-03-31,407214000.0,3397908000.0,4229142000.0,0.3249616075631372,3510111868.9442415,112203868.94424152,37.691587997751,1.0
2013-04-10,BRML3,BR MALLS PAR,ON      NM,BRML,2013-03-06 23:59:07,2012-12-31,453364000.0,3707683000.0,3409403000.0,0.2722591460154684,6520805161.410186,2813122161.410186,1.2119640756343497,2.0
2013-04-10,LREN3,LOJAS RENNER,ON  INT NM,LREN,2013-02-26 19:05:40,2012-12-31,124170000.0,632137000.0,559250000.0,0.2885974961554737,1179850796.1979392,547713796.1979392,1.0210624670806936,3.0
2013-04-10,ETER3,ETERNIT,ON      NM,ETER,2013-03-15 16:57:06,2012-12-31,89500000.0,-15640000.0,155553000.0,0.3353201377900986,301838957.8581548,317478957.8581548,0.4899631807078658,4.0
2013-04-10,TPIS3,TRIUNFO PART,ON      NM,TPIS,2013-05-15 19:38:31,2012-12-31,146000000.0,1228687000.0,666969000.0,0.2170816362532116,1364613203.5288203,135926203.52882028,4.906846381967722,5.0
2013-04-10,PTBL3,PORTOBELLO,ON      NM,PTBL,2013-03-28 07:22:06,2012-12-31,159009000.0,107645000.0,116862000.0,0.4977680472969519,581136192.4040376,473491192.4040376,0.2468092371616488,6.0
2013-04-10,BEEF3,MINERVA,ON      NM,BEEF,2013-03-20 21:26:37,2012-12-31,146307556.0,1377510000.0,418428000.0,0.1962776354630815,1494357067.8001943,116847067.80019426,3.5809884482125134,7.0
2013-04-10,RENT3,LOCALIZA,ON      NM,RENT,2013-03-20 08:51:24,2012-12-31,201708000.0,1231225000.0,465828000.0,0.1822503949564511,1662290579.3222978,431065579.3222978,1.0806429980615806,8.0
2013-04-10,NATU3,NATURA,ON      NM,NATU,2013-02-06 21:47:46,2012-12-31,431239000.0,681457000.0,1369550000.0,0.6890630392935236,8927590401.695473,8246133401.695473,0.16608390057313518,9.0
2013-04-10,WEGE3,WEG,ON      NM,WEGE,2013-02-27 08:08:55,2012-12-31,620405029.0,126340000.0,808411000.0,0.188970880086471,2051938024.5325406,1925598024.5325406,0.41982334303456215,10.0
2013-04-10,GRND3,GRENDENE,ON      NM,GRND,2013-02-28 20:04:01,2012-12-31,300720000.0,-341558000.0,362813000.0,0.2250695407703703,1346623960.4512026,1688181960.4512026,0.21491344446248584,11.0
2013-04-10,SCAR3,SAO CARLOS,ON      NM,SCAR,2013-03-18 20:18:32,2012-12-31,57737000.0,697788000.0,361679000.0,0.2268367821801428,2387371350.2237015,1689583350.2237015,0.2140640175887822,12.0
2013-04-10,MDIA3,M.DIASBRANCO,ON      NM,MDIA,2013-03-04 17:58:08,2012-12-31,113450000.0,277827000.0,544411000.0,0.2025003301164799,2579885752.7006145,2302058752.7006145,0.2364887513671556,13.0
2013-04-10,ECOR3,ECORODOVIAS,ON      NM,ECOR,2013-03-14 23:48:02,2012-12-31,558699000.0,2309098000.0,953053000.0,0.2149136841440631,6687711444.176405,4378613444.176405,0.21766091301518498,14.0
2013-04-10,TOTS3,TOTVS,ON      NM,TOTS,2013-01-29 18:16:25,2012-12-31,161629945.0,-174432000.0,296820000.0,0.4018063824430023,1893523393.3372297,2067955393.3372297,0.14353307665935539,15.0
2013-04-10,SLED4,SARAIVA LIVR,PN      N2,SLED,2013-03-21 17:49:52,2012-12-31,28596000.0,287958000.0,143899000.0,0.1790013422084117,693139661.6122843,405181661.6122843,0.35514687270742284,16.0
2013-04-10,ARTR3,ARTERIS,ON      NM,ARTR,2013-03-05 17:35:00,2012-12-31,344444000.0,2489916000.0,836900000.0,0.2042714181108127,7117727470.070658,4627811470.070658,0.1808414204883809,17.0
2013-04-10,POMO4,MARCOPOLO,PN      N2,POMO,2013-02-21 08:51:43,2012-12-31,448450042.0,811340000.0,391256000.0,0.1842258911452388,2528165759.782254,1716825759.7822542,0.22789499619904538,18.0
2013-04-10,UGPA3,ULTRAPAR,ON      NM,UGPA,2013-02-20 20:22:23,2012-12-31,544383996.0,3226519000.0,1709116000.0,0.1849241337747119,10941928030.5121,7715409030.5121,0.2215198174511507,19.0
2013-04-10,CCRO3,CCR SA,ON      NM,CCRO,2013-03-18 19:34:57,2012-12-31,1765587200.0,7272158000.0,2497436000.0,0.2348430437190688,24876300723.649036,17604142723.649036,0.1418663799314122,20.0
2013-04-10,VLID3,VALID,ON      NM,VLID,2013-03-27 20:20:21,2012-12-31,55750000.0,285126000.0,166230000.0,0.2084192709149609,1420059182.0143085,1134933182.0143085,0.14646677234775243,21.0
2013-04-10,EUCA4,EUCATEX,PN      N1,EUCA,2013-03-20 19:44:00,2012-12-31,92619000.0,193112000.0,172774000.0,0.1369306280180985,715116124.3576456,522004124.35764563,0.3309820592176504,22.0
2013-04-10,HGTX3,CIA HERING,ON      NM,HGTX,2013-02-21 19:03:29,2012-12-31,164224000.0,-168763000.0,373130000.0,0.606481729804937,4440796145.659449,4609559145.659449,0.08094700343553561,23.0
2013-04-10,RDNI3,RODOBENSIMOB,ON      NM,RDNI,2013-03-26 18:25:07,2012-12-31,48575000.0,258467000.0,124733000.0,0.1205075241724183,570148124.0885549,311681124.08855486,0.4001942702329348,24.0
2013-04-10,EVEN3,EVEN,ON      NM,EVEN,2013-03-04 20:04:10,2012-12-31,233293408.0,976923000.0,326279000.0,0.1172814965837723,1760887549.6825414,783964549.6825414,0.416191012887156,25.0
2013-04-10,TGMA3,TEGMA,ON      NM,TGMA,2013-04-11 18:43:27,2012-12-31,66002000.0,284760000.0,154573000.0,0.2208390779143777,1507601362.3108296,1222841362.3108296,0.12640478541541977,26.0
2013-04-10,MULT3,MULTIPLAN,ON      N2,MULT,2013-03-15 00:31:25,2012-12-31,179197214.0,1404633000.0,541021000.0,0.1173588218412559,2843704206.2379727,1439071206.2379727,0.37595151487627904,27.0
2013-04-10,EZTC3,EZTEC,ON      NM,EZTC,2013-03-19 21:23:21,2012-12-31,146724120.0,-33004000.0,309999000.0,0.1886227271648635,1833747680.0903506,1866751680.0903506,0.166063329850597,28.0
2013-04-10,MRVE3,MRV,ON      NM,MRVE,2013-03-14 20:09:59,2012-12-31,482744000.0,2159972000.0,641617000.0,0.102692485289163,3115707209.7897005,955735209.7897005,0.6713334335994392,29.0
2013-04-10,SMTO3,SAO MARTINHO,ON      NM,SMTO,2012-06-25 19:05:52,2012-03-31,113000000.0,821802000.0,228841000.0,0.0803943818330007,840132795.348014,18330795.348013997,12.48396458830103,30.0
2014-04-10,LREN3,LOJAS RENNER,ON      NM,LREN,2014-02-20 18:42:23,2013-12-31,125895000.0,980853000.0,650438000.0,0.2628981943376718,1081143740.05526,100290740.05525994,6.485523983985065,1.0
2014-04-10,RENT3,LOCALIZA,ON  EJ  NM,RENT,2014-03-21 08:28:52,2013-12-31,211793000.0,1332799000.0,652067000.0,0.2438538866951358,1902987483.0193489,570188483.0193489,1.1435990368431779,2.0
2014-04-10,ETER3,ETERNIT,ON      NM,ETER,2014-03-17 10:31:17,2013-12-31,89500000.0,33724000.0,143247000.0,0.2653444548793838,297178522.92805314,263454522.92805314,0.5437257193687252,3.0
2014-04-10,PTBL3,PORTOBELLO,ON      NM,PTBL,2014-03-25 20:46:58,2013-12-31,159009000.0,235457000.0,138713000.0,0.324616090275535,557630113.8469105,322173113.8469105,0.430554239438842,4.0
2014-04-10,NATU3,NATURA,ON      NM,NATU,2014-06-10 17:24:09,2013-12-31,431239000.0,1584598000.0,1415996000.0,0.51437493098057,7862787341.952214,6278189341.952214,0.22554209866497807,5.0
2014-04-10,EZTC3,EZTEC,ON      NM,EZTC,2014-03-19 21:13:25,2013-12-31,146724120.0,93607000.0,568504000.0,0.2579333806094444,1871415674.234719,1777808674.234719,0.31977794249694497,6.0
2014-04-10,RAPT4,RANDON PART,PN      N1,RAPT,2014-04-02 11:18:19,2013-12-31,243785000.0,1192137000.0,446422000.0,0.1574711325969287,1267951381.4042325,75814381.4042325,5.888355107980575,7.0
2014-04-10,SCAR3,SAO CARLOS,ON      NM,SCAR,2014-03-13 21:08:26,2013-12-31,57737000.0,611023000.0,407096000.0,0.2405772966315892,1848711895.8263695,1237688895.8263695,0.32891625785185186,8.0
2014-04-10,WEGE3,WEG,ON      NM,WEGE,2014-02-26 07:27:42,2013-12-31,620905029.0,-164795000.0,1011753000.0,0.2259652321667226,2671427388.109196,2836222388.109196,0.3567255530602091,9.0
2014-04-10,CVCB3,CVC BRASIL,ON      NM,CVCB,2014-02-05 09:13:55,2013-12-31,129729000.0,-44577000.0,265546000.0,0.97733562995024,1638778908.7169027,1683355908.7169027,0.15774798343293073,10.0
2014-04-10,GRND3,GRENDENE,ON      NM,GRND,2014-02-13 18:44:14,2013-12-31,300720000.0,-314289000.0,399233000.0,0.2276555864811586,962399644.7698498,1276688644.7698498,0.3127097602344307,11.0
2014-04-10,VALE3,VALE,ON      N1,VALE,2014-03-17 19:18:56,2013-12-31,5365305000.0,56511766000.0,33436715000.0,0.1602650666934977,109605539524.36086,53093773524.360855,0.6297671606381177,12.0
2014-04-10,BRML3,BR MALLS PAR,ON      NM,BRML,2014-03-17 19:38:49,2013-12-31,457066000.0,4278201000.0,1811726000.0,0.1318054394262773,5170950066.221761,892749066.2217607,2.029378767840641,13.0
2014-04-10,TOTS3,TOTVS,ON      NM,TOTS,2014-01-29 17:40:21,2013-12-31,163467071.0,-135692000.0,319024000.0,0.341514067394176,1729943245.2900863,1865635245.2900863,0.1710001999615928,14.0
2014-04-10,HGTX3,CIA HERING,ON      NM,HGTX,2014-02-20 18:29:17,2013-12-31,164611000.0,-116279000.0,405003000.0,0.5120275000979798,2987050917.361124,3103329917.361124,0.1305059438683171,15.0
2014-04-10,ECOR3,ECORODOVIAS,ON      NM,ECOR,2014-03-18 19:16:30,2013-12-31,558699000.0,2558840000.0,959656000.0,0.2060732221584932,5572355293.879675,3013515293.879675,0.3184506818163564,16.0
2014-04-10,ARTR3,ARTERIS,ON      NM,ARTR,2014-02-26 06:58:10,2013-12-31,344444000.0,3147434000.0,947023000.0,0.1883870462086088,6003482363.865132,2856048363.8651323,0.3315850711709867,17.0
2014-04-10,CCRO3,CCR SA,ON      NM,CCRO,2014-03-12 18:32:08,2013-12-31,1765587200.0,6995933000.0,2725018000.0,0.2599842350417508,21770215438.23611,14774282438.23611,0.18444334006689922,18.0
2014-04-10,UGPA3,ULTRAPAR,ON      NM,UGPA,2014-02-19 19:40:20,2013-12-31,544383996.0,3544425000.0,2139040000.0,0.2119684944800532,12143481894.21955,8599056894.21955,0.2487528604954229,19.0
2014-04-10,RDNI3,RODOBENSIMOB,ON      NM,RDNI,2014-03-20 18:52:07,2013-12-31,48575000.0,309219000.0,158087000.0,0.1246157169027807,489110685.1420048,179891685.1420048,0.8787899222535362,20.0
2014-04-10,CYRE3,CYRELA REALT,ON      NM,CYRE,2014-03-20 19:48:31,2013-12-31,416659000.0,2653590000.0,1002012000.0,0.113251921021181,3788672575.2371783,1135082575.2371783,0.8827657316390635,21.0
2014-04-10,LEVE3,METAL LEVE,ON      NM,LEVE,2014-03-14 17:55:09,2013-12-31,128308500.0,267391000.0,311362000.0,0.1896640575031218,1637987252.9977708,1370596252.9977708,0.2271726624956025,22.0
2014-04-10,EVEN3,EVEN,ON      NM,EVEN,2014-02-24 19:08:17,2013-12-31,233293408.0,1118020000.0,330663000.0,0.0962938306809524,1379419971.5306032,261399971.53060317,1.2649695333317506,23.0
2014-04-10,DIRR3,DIRECIONAL,ON      NM,DIRR,2014-03-17 19:23:22,2013-12-31,155298749.0,347749000.0,258721000.0,0.1327332519315814,1002133709.6917812,654384709.6917812,0.3953652892071073,24.0
2014-04-10,EUCA4,EUCATEX,PN      N1,EUCA,2014-02-21 09:17:50,2013-12-31,92619000.0,208511000.0,145182000.0,0.1077037778890558,458216365.0083302,249705365.00833023,0.5814132187154116,25.0
2014-04-10,MDIA3,M.DIASBRANCO,ON      NM,MDIA,2014-03-10 18:07:05,2013-12-31,113450000.0,266865000.0,578802000.0,0.1874990281701091,2916187367.997511,2649322367.997511,0.21847171450014488,26.0
2014-04-10,ODPV3,ODONTOPREV,ON  ED  NM,ODPV,2014-03-10 15:36:04,2013-12-31,531294792.0,-257122000.0,263085000.0,0.5969978215485159,3747880788.0254827,4005002788.0254827,0.06568909284822352,27.0
2014-04-10,ABEV3,AMBEV S/A,ON  ED,ABEV,2014-03-24 22:59:07,2013-12-31,15644280000.0,-8680382000.0,15375110000.0,0.4353456702004495,204953792668.47256,213634174668.47256,0.07196933741457709,28.0
2014-04-10,ARZZ3,AREZZO CO,ON      NM,ARZZ,2014-03-19 08:00:46,2013-12-31,88637000.0,-87273000.0,148490000.0,0.3475328189033138,1923340002.2077148,2010613002.2077148,0.0738530984515436,29.0
2014-04-10,SEER3,SER EDUCA,ON      NM,SEER,2014-03-26 23:05:25,2013-12-31,125213244.0,-193735000.0,137378000.0,0.5332355190175095,1926688703.3920627,2120423703.3920627,0.06478799486170385,30.0
2015-04-10,PTBL3,PORTOBELLO,ON      NM,PTBL,2015-03-23 18:59:34,2014-12-31,158488000.0,354985000.0,157757000.0,0.2663621858458629,406118063.18145907,51133063.18145907,3.0852249050708727,1.0
2015-04-10,LREN3,LOJAS RENNER,ON      NM,LREN,2015-02-12 20:02:53,2014-12-31,127395000.0,1120666000.0,802050000.0,0.2695120254683067,1612275616.403132,491609616.40313196,1.6314774431554229,2.0
2015-04-10,NATU3,NATURA,ON      NM,NATU,2015-02-11 19:21:06,2014-12-31,431239000.0,2285224000.0,1364672000.0,0.3974113421375036,5599030892.223628,3313806892.223628,0.41181397841932754,3.0
2015-04-10,RENT3,LOCALIZA,ON  EJ  NM,RENT,2015-03-24 09:03:18,2014-12-31,211793000.0,1322277000.0,726637000.0,0.2440196240086158,2256786614.46247,934509614.46247,0.7775596834474107,4.0
2015-04-10,ECOR3,ECORODOVIAS,ON      NM,ECOR,2015-03-17 19:39:00,2014-12-31,558699000.0,3525833000.0,1109418000.0,0.2089291959218978,4171745511.16191,645912511.16191,1.7175979421799799,5.0
2015-04-10,CVCB3,CVC BRASIL,ON      NM,CVCB,2015-02-09 20:27:56,2014-12-31,131465335.0,-50499000.0,324084000.0,0.7936874122945581,1690826044.8896158,1741325044.8896158,0.18611344329486973,6.0
2015-04-10,ETER3,ETERNIT,ON      NM,ETER,2015-03-12 08:31:33,2014-12-31,179000000.0,79534000.0,127796000.0,0.2150209811859165,487969647.9324722,408435647.9324722,0.31289139585859277,7.0
2015-04-10,HGTX3,CIA HERING,ON      NM,HGTX,2015-02-26 18:09:37,2014-12-31,164611000.0,-158614000.0,357266000.0,0.3894064392787502,2051889425.9450805,2210503425.9450808,0.1616220069178378,8.0
2015-04-10,TGMA3,TEGMA,ON      NM,TGMA,2015-03-26 18:29:15,2014-12-31,66002915.0,281498000.0,134646000.0,0.2091848307362468,809767802.0608389,528269802.06083894,0.25488112224990156,9.0
2015-04-10,WEGE3,WEG,ON  EB  NM,WEGE,2015-02-25 07:38:22,2014-12-31,807176538.0,-101027000.0,1094352000.0,0.2172093566081462,4453884890.64,4554911890.64,0.24025755629846773,10.0
2015-04-10,TOTS3,TOTVS,ON      NM,TOTS,2015-01-28 19:19:12,2014-12-31,163467071.0,-137726000.0,347076000.0,0.354037799285143,1799564490.8021486,1937290490.8021486,0.17915537274757942,11.0
2015-04-10,JBSS3,JBS,ON      NM,JBSS,2016-08-05 18:06:43,2014-12-31,2943644008.0,25168713000.0,7829443000.0,0.1533929395788854,39341023221.08666,14172310221.086662,0.5524464874012388,12.0
2015-04-10,SEER3,SER EDUCA,ON  ED  NM,SEER,2015-04-01 11:32:12,2014-12-31,125213244.0,-28729000.0,229349000.0,0.3835761460923898,1406184773.658188,1434913773.658188,0.15983469126182728,13.0
2015-04-10,ANIM3,ANIMA,ON  ED  NM,ANIM,2015-02-26 18:39:42,2014-12-31,82865891.0,-6842000.0,121562000.0,0.2062260373901537,473926698.7720068,480768698.7720068,0.2528492397913948,14.0
2015-04-10,BRML3,BR MALLS PAR,ON      NM,BRML,2015-03-11 19:26:38,2014-12-31,460601000.0,4447524000.0,1706567000.0,0.1196713539203925,5285416706.496166,837892706.4961662,2.036736907684025,15.0
2015-04-10,CCRO3,CCR SA,ON      NM,CCRO,2015-04-02 19:03:18,2014-12-31,1765587200.0,8862114000.0,2863150000.0,0.2284611628790088,22010441204.83292,13148327204.83292,0.21775773871429016,16.0
2015-04-10,GRND3,GRENDENE,ON  ED  NM,GRND,2015-02-12 17:47:55,2014-12-31,300720000.0,-489439000.0,389413000.0,0.2118107473776105,1167840111.5997508,1657279111.5997508,0.23497128351790092,17.0
2015-04-10,EZTC3,EZTEC,ON      NM,EZTC,2015-03-18 22:12:42,2014-12-31,146724120.0,272486000.0,436377000.0,0.162264459644628,1416774587.566314,1144288587.566314,0.38135222595210144,18.0
2015-04-10,MDIA3,M.DIASBRANCO,ON      NM,MDIA,2015-02-27 19:51:36,2014-12-31,113450000.0,184905000.0,667964000.0,0.1924664346956158,2933535454.8627934,2748630454.8627934,0.2430170264679482,19.0
2015-04-10,PCAR4,P.ACUCAR-CBD,PN      N1,PCAR,2015-02-12 19:44:08,2014-12-31,265283000.0,-1421000000.0,4004000000.0,0.3065615190261083,25588342113.853195,27009342113.853195,0.14824500290017553,20.0
2015-04-10,DIRR3,DIRECIONAL,ON      NM,DIRR,2015-03-16 19:13:34,2014-12-31,153265983.0,283188000.0,243658000.0,0.1206993147634712,639419571.3347576,356231571.33475757,0.6839876631008371,21.0
2015-04-10,TEMP3,TEMPO PART,ON      NM,TEMP,2015-03-04 21:59:56,2014-12-31,160576164.0,-26960000.0,58516000.0,0.600139481457171,476911207.08000004,503871207.08000004,0.11613285136713392,22.0
2015-04-10,LEVE3,METAL LEVE,ON      NM,LEVE,2015-03-16 18:24:13,2014-12-31,128308500.0,303023000.0,278735000.0,0.1691042241626691,1566689060.022958,1263666060.022958,0.22057647096649569,23.0
2015-04-10,UGPA3,ULTRAPAR,ON      NM,UGPA,2015-02-25 19:52:30,2014-12-31,556405096.0,4106030000.0,2270108000.0,0.1918515967505097,14992302230.054995,10886272230.054995,0.2085294168680303,24.0
2015-04-10,MRVE3,MRV,ON      NM,MRVE,2015-03-05 20:29:56,2014-12-31,449139000.0,1284533000.0,703676000.0,0.1181169597534247,2788088693.580697,1503555693.580697,0.468007938119143,25.0
2015-04-10,ALSC3,ALIANSCE,ON      NM,ALSC,2015-03-26 19:21:58,2014-12-31,159060920.0,1026583000.0,418473000.0,0.1429284287104872,2658009188.8859916,1631426188.8859916,0.2565074674237953,26.0
2015-04-10,CYRE3,CYRELA REALT,ON      NM,CYRE,2015-03-19 19:24:18,2014-12-31,399743000.0,2602782000.0,960263000.0,0.1070452488995473,3801765973.9858203,1198983973.9858203,0.8008972770568128,27.0
2015-04-10,ODPV3,ODONTOPREV,ON  ED  NM,ODPV,2015-03-04 17:33:14,2014-12-31,531294792.0,-265708000.0,273455000.0,0.7223939345907963,4513199982.035095,4778907982.035095,0.05722123150895016,28.0
2015-04-10,ARZZ3,AREZZO CO,ON      NM,ARZZ,2015-03-03 08:00:23,2014-12-31,88682000.0,-100975000.0,148070000.0,0.3115177628450847,1863406207.8706112,1964381207.8706112,0.0753774264418401,29.0
2015-04-10,FRAS3,FRAS-LE,ON      N1,FRAS,2015-03-10 15:17:03,2014-12-31,124974000.0,148096000.0,66627000.0,0.1196040663264298,363751271.95793164,215655271.95793164,0.30895140839866453,30.0
2016-04-11,NATU3,NATURA,ON      NM,NATU,2016-02-17 21:07:01,2015-12-31,431239000.0,2752201000.0,1256769000.0,0.3281408617513253,5904721627.462139,3152520627.462139,0.39865528207875095,1.0
2016-04-11,TIET3,AES TIETE E,ON      N2,TIET,2016-02-24 00:02:23,2015-12-31,1906268000.0,644890000.0,1163518000.0,0.4368616136934004,3773129870.4631143,3128239870.4631143,0.3719401478722759,2.0
2016-04-11,RENT3,LOCALIZA,ON  EJ  NM,RENT,2016-03-03 21:55:38,2015-12-31,211793000.0,1634173000.0,735508000.0,0.2056933510452352,1921930616.6402843,287757616.6402843,2.555998373170545,3.0
2016-04-11,CVCB3,CVC BRASIL,ON      NM,CVCB,2016-02-19 10:27:38,2015-12-31,134330243.0,154356000.0,384451000.0,0.4713124752514089,2114383290.9171972,1960027290.9171972,0.19614573826678489,4.0
2016-04-11,AGRO3,BRASILAGRO,ON      NM,AGRO,2015-09-03 23:58:53,2015-06-30,58226600.0,-238799000.0,157933000.0,0.3076774717664088,457439826.17123604,696238826.171236,0.22683739266381744,5.0
2016-04-11,UGPA3,ULTRAPAR,ON      NM,UGPA,2016-02-17 21:13:47,2015-12-31,556405096.0,5395411000.0,2950646000.0,0.2206991414813075,16530607027.187475,11135196027.187475,0.2649837499758209,6.0
2016-04-11,SEER3,SER EDUCA,ON      NM,SEER,2016-03-19 13:17:37,2015-12-31,125213244.0,99590000.0,218098000.0,0.2545426535001978,1143127669.3187602,1043537669.3187602,0.2089986843909317,7.0
2016-04-11,FIBR3,FIBRIA,ON      NM,FIBR,2016-01-27 20:04:45,2015-12-31,553591112.0,10254317000.0,3524324000.0,0.1527689404042204,13725075533.26912,3470758533.2691193,1.0154333602344925,8.0
2016-04-11,CCRO3,CCR SA,ON      NM,CCRO,2016-02-25 20:03:34,2015-12-31,1765587200.0,11838687000.0,2729437000.0,0.1733746537111512,19461217923.54314,7622530923.54314,0.3580749002368481,9.0
2016-04-11,FESA4,FERBASA,PN      N1,FESA,2016-03-04 18:18:23,2015-12-31,88320000.0,-64991000.0,215687000.0,0.1691944072269271,506206674.26631844,571197674.2663184,0.37760482879598856,10.0
2016-04-11,ALSC3,ALIANSCE,ON      NM,ALSC,2016-03-28 22:24:33,2015-12-31,162735921.0,-136045000.0,443178000.0,0.2494964223184277,2241938825.3284345,2377983825.3284345,0.1863671212897298,11.0
2016-04-11,ETER3,ETERNIT,ON      NM,ETER,2016-03-28 20:20:49,2015-12-31,179000000.0,144949000.0,92143000.0,0.14284296931317,279616795.8704019,134667795.87040192,0.6842244606771034,12.0
2016-04-11,SCAR3,SAO CARLOS,ON      NM,SCAR,2016-03-09 19:56:26,2015-12-31,57737000.0,1444367000.0,340135000.0,0.1257131853685057,1540426621.6715367,96059621.67153668,3.5408738248319067,13.0
2016-04-11,GRND3,GRENDENE,ON      NM,GRND,2016-02-25 18:50:19,2015-12-31,300720000.0,-405332000.0,400732000.0,0.1812096075477022,1227509814.7588663,1632841814.7588663,0.24541997661860407,14.0
2016-04-11,VIGR3,VIGOR FOOD,ON      NM,VIGR,2016-03-15 20:24:39,2015-12-31,162768460.0,748897000.0,523312000.0,0.1903912299071459,3449063667.4,2700166667.4,0.19380729579329967,15.0
2016-04-11,TIMP3,TIM PART S/A,ON      NM,TIMP,2016-02-04 20:35:27,2015-12-31,2421032479.0,1226619000.0,3244217000.0,0.1786496258218007,16161997186.749334,14935378186.749334,0.21721693012623336,16.0
2016-04-11,LAME4,LOJAS AMERIC,PN  EB,LAME,2016-03-16 19:12:35,2015-12-31,1200491863.0,4912747000.0,1934742000.0,0.2462646785683737,18028638433.44979,13115891433.449791,0.14751128505575903,17.0
2016-04-11,LREN3,LOJAS RENNER,ON      NM,LREN,2016-02-04 20:35:50,2015-12-31,640041000.0,1165485000.0,933253000.0,0.2684553275374592,9141658646.168873,7976173646.168873,0.11700510061591518,18.0
2016-04-11,ODPV3,ODONTOPREV,ON      NM,ODPV,2016-03-09 18:56:33,2015-12-31,531294792.0,-334352000.0,308660000.0,0.9662564683711132,5366320457.04918,5700672457.04918,0.05414448950111592,19.0
2016-04-11,FRAS3,FRAS-LE,ON  ED  N1,FRAS,2016-03-22 07:31:56,2015-12-31,124974000.0,165255000.0,80868000.0,0.135115988424549,412251441.5523225,246996441.5523225,0.32740552654022476,20.0
2016-04-11,MDIA3,M.DIASBRANCO,ON      NM,MDIA,2016-02-26 18:02:39,2015-12-31,113000000.0,400202000.0,580685000.0,0.1410406283768833,2330140622.0545654,1929938622.0545654,0.3008826256773995,21.0
2016-04-11,MULT3,MULTIPLAN,ON      N2,MULT,2016-02-24 19:00:20,2015-12-31,189997214.0,1800752000.0,627562000.0,0.1048005954423676,3133515309.910414,1332763309.9104142,0.4708728063966463,22.0
2016-04-11,RADL3,RAIADROGASIL,ON      NM,RADL,2016-02-18 18:05:36,2015-12-31,330386000.0,30337000.0,500863000.0,0.186392942669423,3379111243.5042224,3348774243.5042224,0.14956606912859172,23.0
2016-04-11,EZTC3,EZTEC,ON      NM,EZTC,2016-03-29 20:20:48,2015-12-31,157058466.0,-165608000.0,391311000.0,0.1540627241681516,1439465793.5600479,1605073793.5600479,0.24379626754236242,24.0
2016-04-11,SHOW3,TIME FOR FUN,ON      NM,SHOW,2016-04-07 15:57:25,2015-12-31,67501000.0,-192197000.0,30403000.0,0.3805417177760533,393075724.8495301,585272724.8495301,0.05194672279972797,25.0
2016-04-11,ARZZ3,AREZZO CO,ON      NM,ARZZ,2016-03-02 08:00:19,2015-12-31,88735000.0,-102609000.0,141288000.0,0.2741880394957461,1748033229.4510984,1850642229.4510984,0.07634538850975324,26.0
2016-04-11,CTIP3,CETIP,ON      NM,CTIP,2016-03-09 18:54:41,2015-12-31,262978823.0,498018000.0,678683000.0,0.3093594635507807,11108225483.52,10610207483.52,0.06396510163011844,27.0
2016-04-11,HGTX3,CIA HERING,ON      NM,HGTX,2016-02-25 18:40:18,2015-12-31,163771000.0,-106785000.0,215699000.0,0.202120731386206,1845354268.0893092,1952139268.0893092,0.11049365356556717,28.0
2016-04-11,BRFS3,BRF SA,ON      NM,BRFS,2016-02-25 23:45:52,2015-12-31,872473246.0,9081682000.0,4228410000.0,0.1845054452845823,42180378026.62152,33098696026.62152,0.1277515584480748,29.0
2016-04-11,TUPY3,TUPY,ON      NM,TUPY,2016-03-03 18:50:05,2015-12-31,144178000.0,973624000.0,322221000.0,0.0952389819492216,1803836538.5535696,830212538.5535696,0.3881186865250032,30.0
2017-04-10,BRKM3,BRASKEM,ON      N1,BRKM,2017-08-15 22:19:29,2016-12-31,797257604.0,15438720000.0,5951247000.0,0.3468207860051295,18277199031.1247,2838479031.1246986,2.096632363580266,1.0
2017-04-10,NATU3,NATURA,ON      NM,NATU,2017-02-22 19:36:08,2016-12-31,431239000.0,2091242000.0,1082868000.0,0.3507120516824085,6334198893.207526,4242956893.207526,0.25521541398017594,2.0
2017-04-10,CCRO3,CCR SA,ON      NM,CCRO,2017-03-06 18:12:58,2016-12-31,1765587200.0,13365287000.0,4302444000.0,0.2457166785000561,25929050855.302464,12563763855.302464,0.34244865229492344,3.0
2017-04-10,RENT3,LOCALIZA,ON      NM,RENT,2017-02-05 12:48:32,2016-12-31,211793000.0,2093628000.0,771192000.0,0.1797391424731821,2649792091.768823,556164091.7688231,1.3866267373488685,4.0
2017-04-10,CVCB3,CVC BRASIL,ON      NM,CVCB,2017-02-15 23:41:50,2016-12-31,134330243.0,237503000.0,439365000.0,0.4602000992955047,3380788107.9495273,3143285107.9495273,0.13977892075040335,5.0
2017-04-10,ECOR3,ECORODOVIAS,ON  ED  NM,ECOR,2017-02-20 20:58:53,2016-12-31,558699000.0,4279008000.0,774472000.0,0.1596337669056622,4690976615.99386,411968615.99386024,1.8799296109768282,6.0
2017-04-10,POSI3,POSITIVO INF,ON      NM,POSI,2017-03-16 19:33:36,2016-12-31,87800000.0,199850000.0,121275000.0,0.1597626120577793,271002271.8765118,71152271.87651181,1.7044431161731364,7.0
2017-04-10,TIET4,AES TIETE E,PN      N2,TIET,2017-02-24 20:38:05,2016-12-31,1967385000.0,868953000.0,644376000.0,0.2633274650477391,4058888402.9724693,3189935402.9724693,0.2020028366090275,8.0
2017-04-10,UGPA3,ULTRAPAR,ON      NM,UGPA,2017-02-22 21:26:46,2016-12-31,556405096.0,5730385000.0,3113186000.0,0.2178737783473557,17064337176.035471,11333952176.035471,0.2746778839055388,9.0
2017-04-10,RADL3,RAIADROGASIL,ON      NM,RADL,2017-02-16 18:04:56,2016-12-31,330386000.0,137336000.0,705538000.0,0.2295708411601765,3880975336.691137,3743639336.691137,0.18846313347684787,10.0
2017-04-10,SEER3,SER EDUCA,ON      NM,SEER,2017-03-17 00:02:07,2016-12-31,125213244.0,-50795000.0,296995000.0,0.3301393389320868,2440885073.61809,2491680073.61809,0.11919467637301562,11.0
2017-04-10,GRND3,GRENDENE,ON      NM,GRND,2017-02-16 18:02:07,2016-12-31,300720000.0,-1183361000.0,399594000.0,0.2298222416747138,1746039922.3710165,2929400922.3710165,0.13640809523490358,12.0
2017-04-10,MDIA3,M.DIASBRANCO,ON      NM,MDIA,2017-03-06 18:17:01,2016-12-31,113000000.0,-216892000.0,800604000.0,0.1944764683677321,4539562959.5009365,4756454959.5009365,0.16831947465429214,13.0
2017-04-10,SHOW3,TIME FOR FUN,ON      NM,SHOW,2017-03-08 19:58:11,2016-12-31,67501000.0,-99651000.0,53285000.0,0.2835228451784887,410140909.2374746,509791909.2374746,0.10452303976283474,14.0
2017-04-10,VALE3,VALE,ON      N1,VALE,2017-02-23 06:06:01,2016-12-31,5244316000.0,81672867000.0,25072734000.0,0.116414532175627,106508964358.5912,24836097358.5912,1.009527931783813,15.0
2017-04-10,SCAR3,SAO CARLOS,ON      NM,SCAR,2017-03-08 21:10:35,2016-12-31,57737000.0,1398673000.0,298607000.0,0.1095766901422922,1679007364.8931873,280334364.8931873,1.0651815738458428,16.0
2017-04-10,ALPA4,ALPARGATAS,PN      N1,ALPA,2017-03-22 17:50:33,2016-12-31,470450000.0,90556000.0,472343000.0,0.2190520357741599,4367941860.849693,4277385860.8496933,0.11042796122820916,17.0
2017-04-10,FLRY3,FLEURY,ON      NM,FLRY,2017-03-09 23:03:39,2016-12-31,157115125.0,425211000.0,338855000.0,0.1728026819845216,2802960697.6120405,2377749697.6120405,0.14251079511872508,18.0
2017-04-10,SMLE3,SMILES,ON      NM,SMLE,2017-02-15 18:49:46,2016-12-31,123626952.0,-563401000.0,601047000.0,8.354140605454091,8007317681.04,8570718681.04,0.07012795803572763,19.0
2017-04-10,LREN3,LOJAS RENNER,ON      NM,LREN,2017-02-09 19:58:09,2016-12-31,643551000.0,981039000.0,975690000.0,0.2696889161611848,13023026317.682108,12041987317.682108,0.0810240016253235,20.0
2017-04-10,TOTS3,TOTVS,ON      NM,TOTS,2017-02-22 18:36:01,2016-12-31,165637727.0,437630000.0,212253000.0,0.127975347081118,1469317309.8865466,1031687309.8865466,0.20573384781028392,21.0
2017-04-10,MULT3,MULTIPLAN,ON      N2,MULT,2017-03-09 18:15:40,2016-12-31,189997214.0,2414921000.0,654242000.0,0.0952139782960411,3827026869.459597,1412105869.459597,0.46330945444648125,22.0
2017-04-10,POMO4,MARCOPOLO,PN      N2,POMO,2017-02-23 08:28:24,2016-12-31,925196009.0,859618000.0,303943000.0,0.111410542366855,2065730080.5346098,1206112080.5346098,0.2520022847837467,23.0
2017-04-10,WEGE3,WEG,ON      NM,WEGE,2017-02-22 07:44:51,2016-12-31,1614353076.0,-363624000.0,1063674000.0,0.1863737925794889,9816197594.955524,10179821594.955524,0.10448847163756676,24.0
2017-04-10,ODPV3,ODONTOPREV,ON  ED  NM,ODPV,2017-02-21 18:12:04,2016-12-31,531294792.0,-428377000.0,281739000.0,1.0460658221080303,4965671749.719348,5394048749.719348,0.05223145230466426,25.0
2017-04-10,ARZZ3,AREZZO CO,ON      NM,ARZZ,2017-03-08 11:18:35,2016-12-31,88836000.0,-136795000.0,151326000.0,0.2839648416975665,2513805238.9852834,2650600238.9852834,0.05709121948088687,26.0
2017-04-10,BRAP4,BRADESPAR,PN      N1,BRAP,2017-03-21 07:11:36,2016-12-31,349548000.0,-244002000.0,781880000.0,0.1019810977328418,4174031292.0539136,4418033292.053913,0.17697467364183428,27.0
2017-04-10,TGMA3,TEGMA,ON      NM,TGMA,2017-03-21 19:08:44,2016-12-31,66002915.0,98719000.0,56676000.0,0.1196211027530836,619210583.5583413,520491583.55834126,0.10888936880119073,28.0
2017-04-10,ANIM3,ANIMA,ON      NM,ANIM,2017-03-14 21:07:34,2016-12-31,80944571.0,196133000.0,56089000.0,0.067428846211643,348769598.0765824,152636598.07658237,0.3674675713871614,29.0
2017-04-10,FRAS3,FRAS-LE,ON      N1,FRAS,2017-03-23 06:59:36,2016-12-31,217566000.0,-274257000.0,83637000.0,0.1676814659622883,949876485.1264985,1224133485.1264985,0.06832343124030889,30.0
2018-04-10,BRKM3,BRASKEM,ON      N1,BRKM,2018-03-29 05:11:07,2017-12-31,797257604.0,17569797000.0,9359062000.0,0.4023646970072889,30887560782.914772,13317763782.914772,0.7027502629237686,1.0
2018-04-10,MGLU3,MAGAZ LUIZA,ON      NM,MGLU,2018-02-22 19:44:49,2017-12-31,190591464.0,-800762000.0,887694000.0,0.6972066775839116,557087051.8392287,1357849051.8392286,0.6537501343007193,2.0
2018-04-10,ECOR3,ECORODOVIAS,ON      NM,ECOR,2018-02-28 18:26:20,2017-12-31,558699000.0,4330403000.0,1211683000.0,0.2381933224335965,4632515943.21877,302112943.21877,4.0106954276453495,3.0
2018-04-10,BRAP4,BRADESPAR,PN      N1,BRAP,2018-03-21 07:07:20,2017-12-31,349548000.0,40193000.0,2609791000.0,0.295018279598214,7226514458.51032,7186321458.51032,0.363160904374711,4.0
2018-04-10,GUAR3,GUARARAPES,ON  EJ,GUAR,2018-02-26 23:40:06,2017-12-31,62400000.0,517362000.0,888624000.0,0.1956285702460635,962269105.0101485,444907105.0101485,1.9973248122880172,5.0
2018-04-10,NATU3,NATURA,ON      NM,NATU,2018-03-14 18:44:55,2017-12-31,431239000.0,5661464000.0,1358641000.0,0.1862118826075455,6634965651.4575205,973501651.4575205,1.3956226966496168,6.0
2018-04-10,PTBL3,PORTOBELLO,ON      NM,PTBL,2018-02-23 20:11:02,2017-12-31,158489000.0,419182000.0,149006000.0,0.2115835181656305,687973976.1864067,268791976.18640673,0.5543543453717704,7.0
2018-04-10,CCRO3,CCR SA,ON      NM,CCRO,2018-02-27 14:58:11,2017-12-31,2020000000.0,12070244000.0,3897029000.0,0.1895194067741425,20819668816.677307,8749424816.677307,0.4454040215960094,8.0
2018-04-10,SLCE3,SLC AGRICOLA,ON      NM,SLCE,2018-03-07 20:06:54,2017-12-31,98897500.0,839846000.0,593453000.0,0.1675629003581075,1370268824.785205,530422824.7852049,1.1188300583413227,9.0
2018-04-10,RADL3,RAIADROGASIL,ON      NM,RADL,2018-02-22 19:00:00,2017-12-31,330386000.0,346086000.0,792584000.0,0.220379050721571,4399760417.842879,4053674417.8428793,0.1955223627510187,10.0
2018-04-10,VULC3,VULCABRAS,ON      NM,VULC,2018-03-08 15:45:12,2017-12-31,245756000.0,-7444000.0,240693000.0,0.3097207799477307,2107543399.8713827,2114987399.8713827,0.11380351486473966,11.0
2018-04-10,FESA4,FERBASA,PN      N1,FESA,2018-03-05 18:35:51,2017-12-31,88320000.0,-447629000.0,246014000.0,0.2288653483160283,1288924842.217693,1736553842.217693,0.1416679368177977,12.0
2018-04-10,GRND3,GRENDENE,ON      NM,GRND,2018-02-22 19:36:18,2017-12-31,300720000.0,-1443969000.0,465590000.0,0.2625053562165941,2175074910.755421,3619043910.755421,0.12865000024352152,13.0
2018-04-10,LEVE3,METAL LEVE,ON      NM,LEVE,2018-03-19 17:52:26,2017-12-31,128308500.0,6912000.0,307478000.0,0.2265645493585001,2127035264.0804396,2120123264.0804396,0.14502836000592745,14.0
2018-04-10,UGPA3,ULTRAPAR,ON      NM,UGPA,2018-02-21 22:36:35,2017-12-31,556405096.0,7305092000.0,2887593000.0,0.1695997820735015,16609933312.031052,9304841312.031052,0.3103323209033534,15.0
2018-04-10,CRFB3,CARREFOUR BR,ON      NM,CRFB,2018-02-27 22:54:38,2017-12-31,1980958942.0,-2333000000.0,3104000000.0,0.2872212454890349,26248391195.51408,28581391195.51408,0.10860213132267615,16.0
2018-04-10,TIET3,AES TIETE E,ON      N2,TIET,2018-02-27 10:06:07,2017-12-31,1967286000.0,2385100000.0,630608000.0,0.1599395352022299,3747052768.510703,1361952768.510703,0.4630175249686306,17.0
2018-04-10,VALE3,VALE,ON      NM,VALE,2018-02-27 19:11:08,2017-12-31,5284475000.0,60074727000.0,34533678000.0,0.1658834508070259,174471393244.1643,114396666244.1643,0.3018766117387766,18.0
2018-04-10,ODPV3,ODONTOPREV,ON  ED  NM,ODPV,2018-02-28 18:09:07,2017-12-31,531294792.0,-436456000.0,575900000.0,1.174939253661612,6735660483.355341,7172116483.355341,0.08029707846163925,19.0
2018-04-10,SHOW3,TIME FOR FUN,ON      NM,SHOW,2018-04-11 18:17:00,2017-12-31,67501000.0,-179079000.0,68120000.0,0.4611864108431614,651293416.5957018,830372416.5957018,0.0820354802719402,20.0
2018-04-10,MOVI3,MOVIDA,ON  EJ  NM,MOVI,2018-03-21 15:47:37,2017-12-31,213491586.0,1077431000.0,252108000.0,0.1067227257160588,1446160916.343369,368729916.343369,0.6837199500927713,21.0
2018-04-10,SEER3,SER EDUCA,ON      NM,SEER,2018-03-23 00:06:17,2017-12-31,138812000.0,-596853000.0,256035000.0,0.2808827288415061,2155905590.9430103,2752758590.9430103,0.09301033546581006,22.0
2018-04-10,CVCB3,CVC BRASIL,ON      NM,CVCB,2018-02-08 09:46:42,2017-12-31,141700212.0,579274000.0,488972000.0,0.3558854376295071,7281561029.594985,6702287029.594985,0.072955992162208,23.0
2018-04-10,MYPK3,IOCHP-MAXION,ON      NM,MYPK,2018-02-20 23:18:28,2017-12-31,140328000.0,2299945000.0,496556000.0,0.1007121053859181,3154793343.0989,854848343.0988998,0.580870284195605,24.0
2018-04-10,SCAR3,SAO CARLOS,ON      NM,SCAR,2018-03-08 08:20:52,2017-12-31,57737000.0,1147624000.0,298901000.0,0.1170456966173162,2121810358.0200653,974186358.0200653,0.30682117188284785,25.0
2018-04-10,TGMA3,TEGMA,ON      NM,TGMA,2018-03-20 18:21:01,2017-12-31,66002915.0,74142000.0,108709000.0,0.2078772650435607,1266085100.2301805,1191943100.2301805,0.09120317906031489,26.0
2018-04-10,SMLS3,SMILES,ON  EJ  NM,SMLS,2018-02-27 21:50:17,2017-12-31,123856953.0,-667433000.0,301815000.0,1.4774140176027726,5912392901.162747,6579825901.162747,0.04586975469163478,27.0
2018-04-10,SMTO3,SAO MARTINHO,ON      NM,SMTO,2017-06-26 19:16:22,2017-03-31,364011329.0,2547493000.0,668883000.0,0.1124019524727125,5361924955.180472,2814431955.1804724,0.23766181263284747,28.0
2018-04-10,FLRY3,FLEURY,ON      NM,FLRY,2018-03-05 13:57:06,2017-12-31,315312192.0,383094000.0,476872000.0,0.2282096953420283,6980583829.154978,6597489829.154978,0.07228082382069832,29.0
2018-04-10,KLBN4,KLABIN S/A,PN      N2,KLBN,2018-02-01 15:24:02,2017-12-31,4786088890.0,11277816000.0,1552052000.0,0.0838404692488918,13706280258.982124,2428464258.9821243,0.6391084382895275,30.0
2019-04-10,MGLU3,MAGAZ LUIZA,ON      NM,MGLU,2019-02-25 18:01:11,2018-12-31,190591464.0,-552231000.0,1081551000.0,0.6178028504987602,988956315.647799,1541187315.647799,0.7017647945962996,1.0
2019-04-10,PTBL3,PORTOBELLO,ON  EDJ NM,PTBL,2019-02-18 21:11:26,2018-12-31,158489000.0,513013000.0,244404000.0,0.2792764071289735,674257989.96736,161244989.96736002,1.5157308146409598,2.0
2019-04-10,BRKM3,BRASKEM,ON      N1,BRKM,2019-03-13 19:01:57,2018-12-31,797218554.0,17259683000.0,8303943000.0,0.3583776618700813,32225492005.505264,14965809005.505264,0.554860949845434,3.0
2019-04-10,ECOR3,ECORODOVIAS,ON      NM,ECOR,2019-03-14 18:54:29,2018-12-31,558699000.0,4796499000.0,1184304000.0,0.2178303559177445,5374684380.0,578185380.0,2.0483119099275737,4.0
2019-04-10,SLCE3,SLC AGRICOLA,ON      NM,SLCE,2019-03-13 21:18:05,2018-12-31,95297500.0,962335000.0,657757000.0,0.1750709592109633,1575459537.541338,613124537.541338,1.0727951007109267,5.0
2019-04-10,AMAR3,LOJAS MARISA,ON      NM,AMAR,2019-03-14 19:41:59,2018-12-31,204086000.0,619596000.0,279999000.0,0.1757411123322372,1275537500.0,655941500.0,0.4268658104419373,6.0
2019-04-10,KLBN4,KLABIN S/A,PN      N2,KLBN,2019-02-07 07:22:13,2018-12-31,5409801840.0,12398468000.0,2983605000.0,0.1575983834096656,14537413434.989067,2138945434.989067,1.3948953307522078,7.0
2019-04-10,TIET4,AES TIETE E,PN      N2,TIET,2019-02-26 20:43:13,2018-12-31,1967385000.0,3093964000.0,731108000.0,0.1583362895181267,3719092620.9421406,625128620.9421406,1.1695321178834146,8.0
2019-04-10,SMLS3,SMILES,ON  EJ  NM,SMLS,2019-02-14 19:48:00,2018-12-31,124007953.0,-675310000.0,741969000.0,2.189215744128408,4278364541.223279,4953674541.223279,0.14978153970865743,9.0
2019-04-10,HAPV3,HAPVIDA,ON      NM,HAPV,2019-03-14 04:27:09,2018-12-31,671958573.0,-887847000.0,870515000.0,0.3202768350939364,3712563026.945447,4600410026.945447,0.1892255244426548,10.0
2019-04-10,FESA4,FERBASA,PN      N1,FESA,2019-03-11 14:23:14,2018-12-31,88320000.0,104570000.0,375574000.0,0.2026093969579513,1526036350.9010563,1421466350.9010563,0.26421589210460494,11.0
2019-04-10,VALE3,VALE,ON      NM,VALE,2019-04-18 19:13:23,2018-12-31,5284475000.0,37515407000.0,43175744000.0,0.204432943681624,211383115075.44574,173867708075.44574,0.2483252610730045,12.0
2019-04-10,AGRO3,BRASILAGRO,ON      NM,AGRO,2018-08-27 09:30:49,2018-06-30,56888916.0,160491000.0,160813000.0,0.1754920309268787,697925805.6328598,537434805.6328598,0.29922327008693383,13.0
2019-04-10,TEND3,TENDA,ON      NM,TEND,2019-03-12 18:04:15,2018-12-31,52081000.0,-313068000.0,219360000.0,0.2462765491643707,835752074.0636835,1148820074.0636835,0.19094373866924616,14.0
2019-04-10,MYPK3,IOCHP-MAXION,ON      NM,MYPK,2019-03-11 17:40:35,2018-12-31,150575000.0,2326802000.0,701493000.0,0.1269594987013443,2661969595.21183,335167595.21183014,2.0929618794342204,15.0
2019-04-10,LEVE3,METAL LEVE,ON      NM,LEVE,2019-03-18 17:37:44,2018-12-31,128308500.0,194030000.0,376895000.0,0.2436341728448691,2271926810.781887,2077896810.781887,0.18138292433211783,16.0
2019-04-10,NATU3,NATURA,ON      NM,NATU,2019-02-28 14:33:17,2018-12-31,431239000.0,6009955000.0,1256693000.0,0.146398491995102,9884824492.308125,3874869492.3081245,0.3243187938315393,17.0
2019-04-10,PATI3,PANATLANTICA,ON  ED,PATI,2019-02-28 10:52:23,2018-12-31,17839000.0,87985000.0,70435000.0,0.1403694425678032,267159510.5580271,179174510.5580271,0.3931083711663834,18.0
2019-04-10,TGMA3,TEGMA,ON      NM,TGMA,2019-03-19 17:24:11,2018-12-31,66002915.0,76658000.0,153416000.0,0.273454182485785,1552662529.639626,1476004529.639626,0.10394006042614062,19.0
2019-04-10,SUZB3,SUZANO S.A.,ON      NM,SUZB,2019-02-21 19:48:22,2018-12-31,1105826000.0,10251491000.0,5005759000.0,0.2247009596171478,46249396144.369995,35997905144.369995,0.13905695289557402,20.0
2019-04-10,CAML3,CAMIL,ON  EJ  NM,CAML,2018-05-28 19:30:19,2018-02-28,410051876.0,602918000.0,399574000.0,0.1648397390280175,2539574361.1156025,1936656361.1156025,0.20632157982318924,21.0
2019-04-10,CVCB3,CVC BRASIL,ON      NM,CVCB,2019-02-26 09:49:45,2018-12-31,146511872.0,1067326000.0,544605000.0,0.2495408783245083,6781191599.859097,5713865599.859097,0.09531288240546469,22.0
2019-04-10,RADL3,RAIADROGASIL,ON      NM,RADL,2019-02-26 20:11:31,2018-12-31,330386000.0,601582000.0,721510000.0,0.1744316062305187,4300736792.894302,3699154792.8943024,0.19504725819691213,23.0
2019-04-10,CRFB3,CARREFOUR BR,ON      NM,CRFB,2019-02-26 18:03:21,2018-12-31,1983437967.0,-3020000000.0,3117000000.0,0.2826698104652217,37662997269.96354,40682997269.96354,0.07661677381625215,24.0
2019-04-10,JHSF3,JHSF PART,ON  ED  NM,JHSF,2019-02-21 19:24:49,2018-12-31,526383839.0,957108000.0,328581000.0,0.1019059309828071,1193632810.4275546,236524810.4275546,1.389203100537486,25.0
2019-04-10,MOVI3,MOVIDA,ON      NM,MOVI,2019-04-02 20:47:29,2018-12-31,263421014.0,1453781000.0,379727000.0,0.1219958215305869,2600641621.750717,1146860621.7507172,0.3311012626977595,26.0
2019-04-10,RAPT4,RANDON PART,PN      N1,RAPT,2019-03-20 07:42:57,2018-12-31,345776000.0,1110864000.0,437490000.0,0.1386293599930287,2874057532.709066,1763193532.709066,0.2481236414971513,27.0
2019-04-10,SEER3,SER EDUCA,ON      NM,SEER,2019-03-28 00:05:43,2018-12-31,132951860.0,-614680000.0,235685000.0,0.2753770171160571,2386818604.9863214,3001498604.9863214,0.07852244195898071,28.0
2019-04-10,FLRY3,FLEURY,ON      NM,FLRY,2019-04-18 16:05:57,2018-12-31,316113442.0,450294000.0,503247000.0,0.2287221253900116,6379133359.143988,5928839359.143988,0.08488120009928206,29.0
2019-04-10,SMTO3,SAO MARTINHO,ON      NM,SMTO,2018-06-25 20:29:49,2018-03-31,364011329.0,2463181000.0,799681000.0,0.139003496637207,6286301461.191089,3823120461.1910887,0.20916971048065283,30.0
2020-04-09,CEAB3,CEA MODAS,ON      NM,CEAB,2020-03-23 18:21:14,2019-12-31,308245068.0,1140571000.0,1033084000.0,0.2662490873398673,2758793358.6,1618222358.6,0.6384067025830551,1.0
2020-04-09,SMLS3,SMILES,ON      NM,SMLS,2020-02-18 21:31:21,2019-12-31,124158953.0,-1173915000.0,765843000.0,24.374379376193502,1401451728.385949,2575366728.385949,0.29737240586313474,2.0
2020-04-09,TGMA3,TEGMA,ON      NM,TGMA,2020-03-31 20:26:15,2019-12-31,66002915.0,150747000.0,242601000.0,0.3342412644352778,1095109501.334085,944362501.334085,0.25689393602274724,3.0
2020-04-09,JBSS3,JBS,ON      NM,JBSS,2020-03-25 21:19:32,2019-12-31,2728747412.0,42994076000.0,13482879000.0,0.178637668534255,45513831531.29573,2519755531.2957306,5.350867904660067,4.0
2020-04-09,RAPT4,RANDON PART,PN      N1,RAPT,2020-03-05 08:15:00,2019-12-31,345776000.0,880515000.0,530958000.0,0.1737156863931906,2075834360.8271852,1195319360.8271852,0.4441976072675392,5.0
2020-04-09,BRFS3,BRF SA,ON      NM,BRFS,2020-03-03 07:33:29,2019-12-31,812473246.0,13964312000.0,2952773000.0,0.1335331374184228,14811387274.58,847075274.5799999,3.4858448695295174,6.0
2020-04-09,JHSF3,JHSF PART,ON      NM,JHSF,2020-02-13 20:12:49,2019-12-31,638059981.0,669243000.0,610973000.0,0.1639742127749339,2138980322.9367244,1469737322.9367244,0.41570217375932,7.0
2020-04-09,LEVE3,METAL LEVE,ON      NM,LEVE,2020-03-30 18:43:09,2019-12-31,128308500.0,250297000.0,345441000.0,0.2232611256997087,1780401805.5155873,1530104805.5155873,0.22576296653326272,8.0
2020-04-09,CCRO3,CCR SA,ON      NM,CCRO,2020-03-05 18:44:39,2019-12-31,2020000000.0,14038861000.0,3547478000.0,0.1578161051722408,24390625651.04553,10351764651.045528,0.34269306920938397,9.0
2020-04-09,TIET4,AES TIETE E,PN      N2,TIET,2020-02-29 14:39:19,2019-12-31,1995532000.0,2892191000.0,723070000.0,0.1664770669534492,5109563652.261209,2217372652.2612085,0.3260931351627501,10.0
2020-04-09,AGRO3,BRASILAGRO,ON      NM,AGRO,2019-09-02 23:24:50,2019-06-30,56888916.0,196385000.0,186876000.0,0.1735285323487953,815123285.4696589,618738285.4696589,0.3020275363405872,11.0
2020-04-09,POSI3,POSITIVO TEC,ON      NM,POSI,2020-03-04 21:02:21,2019-12-31,87800000.0,251410000.0,98855000.0,0.125721414927089,283506671.7343369,32096671.734336913,3.079914354305006,12.0
2020-04-09,RADL3,RAIADROGASIL,ON      NM,RADL,2020-02-19 19:51:53,2019-12-31,330386000.0,827250000.0,1118469000.0,0.2280881927389471,6619478464.085707,5792228464.085707,0.19309821892126425,13.0
2020-04-09,LOGN3,LOG-IN,ON      NM,LOGN,2020-03-17 19:38:33,2019-12-31,104199191.0,593111000.0,172483000.0,0.1895088545065801,1340001596.26,746890596.26,0.2309347592052919,14.0
2020-04-09,BRML3,BR MALLS PAR,ON      NM,BRML,2020-03-12 21:19:02,2019-12-31,872728000.0,1938394000.0,1968032000.0,0.1455135242565917,8339537103.968523,6401143103.968523,0.30745008634159066,15.0
2020-04-09,CVCB3,CVC BRASIL,ON      NM,CVCB,2020-09-01 09:42:07,2019-12-31,149181579.0,1465625000.0,276502000.0,0.1220855864547352,1711519569.981818,245894569.98181796,1.1244737938720861,16.0
2020-04-09,KLBN4,KLABIN S/A,PN      N2,KLBN,2020-02-06 08:46:17,2019-12-31,5409801840.0,14354357000.0,2526374000.0,0.121136307078712,16371796126.726748,2017439126.7267475,1.2522677718157418,17.0
2020-04-09,LWSA3,LOCAWEB,ON      NM,LWSA,2020-03-25 18:21:46,2019-12-31,91596653.0,153865000.0,52943000.0,0.2185938777363975,456612607.54578054,302747607.54578054,0.17487504006780344,18.0
2020-04-09,SLCE3,SLC AGRICOLA,ON      NM,SLCE,2020-03-26 16:12:12,2019-12-31,190595000.0,974997000.0,558712000.0,0.1411096277281155,3163861201.751459,2188864201.751459,0.2552520158870233,19.0
2020-04-09,TEND3,TENDA,ON      NM,TEND,2020-03-19 18:25:13,2019-12-31,104344000.0,-200016000.0,290731000.0,0.2524379326782398,2355920275.5486736,2555936275.5486736,0.11374735856338587,20.0
2020-04-09,PARD3,IHPARDINI,ON      NM,PARD,2020-03-31 17:36:52,2019-12-31,130979000.0,101745000.0,235098000.0,0.29453483521068,2449018927.3301463,2347273927.3301463,0.10015788837539166,21.0
2020-04-09,MTRE3,MITRE REALTY,ON      NM,MTRE,2020-03-31 00:06:06,2019-12-31,56100000.0,87451000.0,42190000.0,0.2798190693479068,539638197.22952,452187197.22951996,0.09330206661862944,22.0
2020-04-09,VIVA3,VIVARA S.A.,ON      NM,VIVA,2020-03-23 19:35:18,2019-12-31,236197769.0,-165490483.0,292922539.0,0.3169355223780144,3698162358.274232,3863652841.274232,0.0758149220527262,23.0
2020-04-09,SEER3,SER EDUCA,ON      NM,SEER,2020-03-27 00:09:27,2019-12-31,128721560.0,-124285000.0,260270000.0,0.2197849524110308,2012048785.942558,2136333785.942558,0.12183021291551964,24.0
2020-04-09,TIMP3,TIM PART S/A,ON      NM,TIMP,2020-02-11 21:27:45,2019-12-31,2421032479.0,-910201000.0,4514857000.0,0.2097824248057197,32320783594.649998,33230984594.649998,0.13586287180689996,25.0
2020-04-09,YDUQ3,YDUQS PART,ON      NM,YDUQ,2020-03-23 17:15:29,2019-12-31,309089000.0,1042540000.0,900018000.0,0.2171390714160948,8084804549.4178095,7042264549.4178095,0.12780235585929606,26.0
2020-04-09,ARZZ3,AREZZO CO,ON      NM,ARZZ,2020-05-08 18:42:07,2019-12-31,90954000.0,-96899000.0,223102000.0,0.3436716309391039,3363552401.0290413,3460451401.0290413,0.06447193563639002,27.0
2020-04-09,FLRY3,FLEURY,ON      NM,FLRY,2020-02-19 19:58:12,2019-12-31,316744460.0,752146000.0,560179000.0,0.2230791654089287,6338653883.244374,5586507883.244374,0.10027355401755471,28.0
2020-04-09,MOVI3,MOVIDA,ON      NM,MOVI,2020-03-10 18:10:00,2019-12-31,298921014.0,2097080000.0,468188000.0,0.1064528399785451,2720200650.0665956,623120650.0665956,0.7513601097154504,29.0
2020-04-09,ROMI3,INDS ROMI,ON      NM,ROMI,2020-02-11 19:20:03,2019-12-31,62857647.0,200988000.0,104493000.0,0.1088616166772583,379721565.62859476,178733565.62859476,0.5846299749714312,30.0
2021-04-12,CMIN3,CSNMINERACAO,ON      N2,CMIN,2021-02-22 23:18:36,2020-12-31,181001902.0,-1648932000.0,6302388000.0,0.7039599498032172,1468494879.8357792,3117426879.835779,2.021663456091069,1.0
2021-04-12,INTB3,INTELBRAS,ON      NM,INTB,2021-04-07 12:23:04,2020-12-31,28161111.0,-252617000.0,386374000.0,0.5339511589758614,606626408.2487861,859243408.2487861,0.44966769170503657,2.0
2021-04-12,TASA4,TAURUS ARMAS,PN      N2,TASA,2021-03-19 00:03:01,2020-12-31,96129483.0,675178000.0,434323000.0,0.6053729404401997,2075178140.691107,1400000140.691107,0.31023068310950125,3.0
2021-04-12,BEEF3,MINERVA,ON      NM,BEEF,2021-02-25 19:55:11,2020-12-31,548426499.0,5180609000.0,1793773000.0,0.2979352335724148,5392049039.812826,211440039.81282616,8.483601315947103,4.0
2021-04-12,CYRE3,CYRELA REALT,ON      NM,CYRE,2021-03-18 17:20:56,2020-12-31,399743000.0,861104000.0,2204877000.0,0.3311753912593658,9356352059.82971,8495248059.82971,0.25954239175497335,5.0
2021-04-12,JBSS3,JBS,ON      NM,JBSS,2021-03-24 19:20:51,2020-12-31,2623373646.0,46226962000.0,20503095000.0,0.2283929165618028,74729776606.20285,28502814606.20285,0.7193358018593037,6.0
2021-04-12,POWE3,FOCUS ON,ON      NM,POWE,2021-03-25 19:56:40,2020-12-31,23601013.0,18226000.0,79355000.0,0.3302495338926621,337258673.59715265,319032673.59715265,0.2487362786552789,7.0
2021-04-12,RAPT4,RANDON PART,PN      N1,RAPT,2021-03-11 19:59:12,2020-12-31,345776000.0,1144699000.0,1014440000.0,0.2663366994297248,4484224444.271678,3339525444.271678,0.3037677109902185,8.0
2021-04-12,PRIO3,PETRORIO,ON      NM,PRIO,2021-03-02 00:08:01,2020-12-31,144685660.0,1703753000.0,942749000.0,0.1941804105279982,2789250153.4800005,1085497153.4800005,0.8684951378984611,9.0
2021-04-12,POSI3,POSITIVO TEC,ON      NM,POSI,2021-03-17 17:19:12,2020-12-31,141800000.0,218772000.0,277676000.0,0.2218018867170962,1206011020.9177182,987239020.9177182,0.2812652195836808,10.0
2021-04-12,PLPL3,PLANOEPLANO,ON      NM,PLPL,2021-03-25 18:12:41,2020-12-31,204256000.0,86466000.0,150509000.0,0.4753766463472411,1311418395.2579584,1224952395.2579584,0.12286926462012007,11.0
2021-04-12,ALLD3,ALLIED,ON      NM,ALLD,2021-03-01 19:30:34,2020-12-31,80415000.0,61052000.0,270385000.0,0.2269017714257422,1308087956.4361963,1247035956.4361963,0.2168221362058489,12.0
2021-04-12,KEPL3,KEPLER WEBER,ON  ED,KEPL,2021-02-24 19:59:12,2020-12-31,26312000.0,-264318000.0,80425000.0,0.3174675229835829,303428268.594234,567746268.594234,0.14165658930552907,13.0
2021-04-12,SEER3,SER EDUCA,ON      NM,SEER,2021-03-26 00:46:01,2020-12-31,128721560.0,-90051000.0,313194000.0,0.2343501671610163,1690632520.2851603,1780683520.2851603,0.17588414585307377,14.0
2021-04-12,JHSF3,JHSF PART,ON  ED  NM,JHSF,2021-02-18 18:11:19,2020-12-31,684810641.0,525917000.0,816171000.0,0.1875137848895554,4405211429.128768,3879294429.128768,0.210391609843159,15.0
2021-04-12,LOGN3,LOG-IN,ON      NM,LOGN,2021-03-09 18:00:19,2020-12-31,105489191.0,680432000.0,192760000.0,0.1863504753986629,1638247136.23,957815136.23,0.2012496907897189,16.0
2021-04-12,PCAR3,P.ACUCAR-CBD,ON      NM,PCAR,2021-02-23 20:49:46,2020-12-31,268352000.0,440000000.0,2629000000.0,0.1524323070678958,9022514384.718937,8582514384.718937,0.3063204886298708,17.0
2021-04-12,VALE3,VALE,ON      NM,VALE,2021-02-25 21:17:09,2020-12-31,5284474000.0,8003529000.0,52067618000.0,0.2755053292295641,466489598448.4985,458486069448.4985,0.11356423121564162,18.0
2021-04-12,CURY3,CURY S/A,ON      NM,CURY,2021-03-22 18:42:16,2020-12-31,291875088.0,-154195000.0,225022000.0,0.4609293065023597,2557164471.34847,2711359471.34847,0.08299231524917916,19.0
2021-04-12,ODPV3,ODONTOPREV,ON      NM,ODPV,2021-03-04 18:14:30,2020-12-31,531294792.0,-736846000.0,514863000.0,1.0960618556262094,6706734837.384648,7443580837.384648,0.06916872554324278,20.0
2021-04-12,CRFB3,CARREFOUR BR,ON      NM,CRFB,2021-02-17 21:03:42,2020-12-31,1985199050.0,106000000.0,4504000000.0,0.2626085942510641,43777837778.289505,43671837778.289505,0.10313282493092298,21.0
2021-04-12,GOAU4,GERDAU MET,PN      N1,GOAU,2021-02-24 08:18:57,2020-12-31,1087243204.0,8402538000.0,5186310000.0,0.1264128028771842,12019039679.252453,3616501679.252453,1.4340681852170558,22.0
2021-04-12,SMTO3,SAO MARTINHO,ON      NM,SMTO,2020-06-29 22:41:38,2020-03-31,354011329.0,4566785000.0,1185833000.0,0.1498501098318422,10166412558.045004,5599627558.045004,0.21176997714719611,23.0
2021-04-12,BRFS3,BRF SA,ON      NM,BRFS,2021-02-25 19:35:26,2020-12-31,812473246.0,14513643000.0,2846793000.0,0.1220376130382171,19791848272.56,5278205272.560001,0.5393486711855878,24.0
2021-04-12,RANI3,IRANI,ON      NM,RANI,2021-02-26 08:01:05,2020-12-31,256720000.0,242015000.0,165515000.0,0.1609794052568872,1283865599.6474571,1041850599.6474571,0.15886634806949018,25.0
2021-04-12,SLCE3,SLC AGRICOLA,ON      NM,SLCE,2021-03-17 20:10:18,2020-12-31,190595000.0,813230000.0,780930000.0,0.1969912377708178,7861944366.463265,7048714366.463265,0.11079041643615874,26.0
2021-04-12,KLBN4,KLABIN S/A,PN      N2,KLBN,2021-02-10 07:58:00,2020-12-31,5617892756.0,19782263000.0,3214766000.0,0.1330228330968678,31804153883.984135,12021890883.984135,0.2674093477493455,27.0
2021-04-12,USIM3,USIMINAS,ON      N1,USIM,2021-02-12 07:57:07,2020-12-31,1253079108.0,1100258000.0,2928465000.0,0.163250927004306,22581730966.716293,21481472966.716293,0.13632514886373975,28.0
2021-04-12,LPSB3,LOPES BRASIL,ON      NM,LPSB,2021-03-29 23:13:17,2020-12-31,147555000.0,-138752000.0,35574000.0,1.0267851988685563,609642973.6795973,748394973.6795973,0.047533723837153846,29.0
2021-04-12,BMOB3,BEMOBI TECH,ON      NM,BMOB,2021-03-29 23:04:23,2020-12-31,90909092.0,-111196000.0,62105000.0,1.429936452385338,1635149985.2339976,1746345985.2339976,0.0355628269112311,30.0
2022-04-11,BRKM3,BRASKEM,ON      N1,BRKM,2022-03-16 19:43:41,2021-12-31,797207834.0,22861694000.0,26043547000.0,0.8960288757243032,34224769526.162838,11363075526.162838,2.2919452519730426,1.0
2022-04-11,SYNE3,SYN PROP TEC,ON      NM,SYNE,2022-02-25 00:12:00,2021-12-31,152644000.0,860170000.0,1634237000.0,0.449625082469751,862290975.9528004,2120975.952800393,770.5118004012559,2.0
2022-04-11,GOAU4,GERDAU MET,PN      N1,GOAU,2022-02-23 07:39:32,2021-12-31,1087243204.0,6484661000.0,20984569000.0,0.4187891156020001,12397839629.904526,5913178629.904526,3.548779821038286,3.0
2022-04-11,BRAP4,BRADESPAR,PN      N1,BRAP,2022-03-29 06:35:35,2021-12-31,393097000.0,-294709000.0,8017274000.0,1.1122588321112592,12154898211.348183,12449607211.348183,0.6439780680543896,4.0
2022-04-11,USIM3,USIMINAS,ON      N1,USIM,2022-02-11 07:52:46,2021-12-31,1253079108.0,-723972000.0,11490462000.0,0.4861726259767964,14432565746.610033,15156537746.610033,0.7581191821047653,5.0
2022-04-11,TASA4,TAURUS ARMAS,PN      N2,TASA,2022-03-15 17:55:37,2021-12-31,118099545.0,436769000.0,973565000.0,0.8155067447579861,2694534766.3948097,2257765766.3948097,0.4312072644960793,6.0
2022-04-11,PETR4,PETROBRAS,PN      N2,PETR,2022-02-23 22:36:50,2021-12-31,13044496930.0,265778000000.0,210831000000.0,0.3217030665635171,362837875541.0426,97059875541.0426,2.172174637817749,7.0
2022-04-11,GGBR4,GERDAU,PN      N1,GGBR,2022-02-23 07:39:08,2021-12-31,1719658728.0,7252827000.0,21023022000.0,0.4198853985489792,49401258283.47677,42148431283.47677,0.49878539627266144,8.0
2022-04-11,JBSS3,JBS,ON      NM,JBSS,2022-03-21 18:41:00,2021-12-31,2373866570.0,68033650000.0,32270103000.0,0.2785979445632436,88526395843.37585,20492745843.375854,1.5747085942819663,9.0
2022-04-11,CMIN3,CSNMINERACAO,ON      N2,CMIN,2022-03-09 20:33:03,2021-12-31,5485838838.0,-6220763000.0,9469498000.0,1.21754629942735,29256703556.50968,35477466556.50968,0.2669158460037351,10.0
2022-04-11,VALE3,VALE,ON      NM,VALE,2022-02-24 19:18:54,2021-12-31,5132458000.0,10472000000.0,141335000000.0,0.6810340673637546,482656350320.00006,472184350320.00006,0.29932165245251574,11.0
2022-04-11,BEEF3,MINERVA,ON      NM,BEEF,2022-02-23 21:43:02,2021-12-31,606700828.0,6102696000.0,2035418000.0,0.3012387323221387,8040338988.566718,1937642988.566718,1.050460797995407,12.0
2022-04-11,ENAT3,ENAUTA PART,ON      NM,ENAT,2022-03-17 21:43:45,2021-12-31,265806905.0,-2248785000.0,2114632000.0,1.103021343917226,5343929672.948705,7592714672.948705,0.27850802922095874,13.0
2022-04-11,DEXP3,DEXXOS PAR,ON      N1,DEXP,2022-03-23 08:53:07,2021-12-31,94013535.0,251248000.0,254073000.0,0.3253254560610309,679610854.8431606,428362854.8431606,0.5931256576694202,14.0
2022-04-11,PLPL3,PLANOEPLANO,ON      NM,PLPL,2022-04-19 17:17:28,2021-12-31,204256000.0,114599000.0,163760000.0,0.3792303310160205,580874928.4750766,466275928.47507656,0.3512083511056765,15.0
2022-04-11,SUZB3,SUZANO S.A.,ON      NM,SUZB,2022-02-09 18:00:34,2021-12-31,1361263584.0,58529578000.0,18180191000.0,0.2466625469841085,73275166645.82161,14745588645.82161,1.2329240586235692,16.0
2022-04-11,EUCA4,EUCATEX,PN      N1,EUCA,2022-03-30 20:18:52,2021-12-31,92619000.0,380810000.0,549721000.0,0.2422935779007784,928968570.0,548158570.0,1.0028503248612897,17.0
2022-04-11,LEVE3,METAL LEVE,ON      NM,LEVE,2022-03-28 17:45:22,2021-12-31,128308500.0,-88891000.0,722621000.0,0.445536502596935,2621318512.4351845,2710209512.4351845,0.2666292021647835,18.0
2022-04-11,PTBL3,PORTOBELLO,ON      NM,PTBL,2022-03-17 22:16:43,2021-12-31,147530000.0,572674000.0,288741000.0,0.3108649474446912,1313017000.0,740343000.0,0.3900097657437161,19.0
2022-04-11,RANI3,IRANI,ON      NM,RANI,2022-02-24 07:33:49,2021-12-31,256720000.0,386053000.0,435824000.0,0.3243966651060558,1563273971.3566947,1177220971.3566947,0.3702142678427927,20.0
2022-04-11,CURY3,CURY S/A,ON      NM,CURY,2022-03-24 16:23:07,2021-12-31,291875088.0,-300348000.0,376368000.0,0.8593269099045618,2029729704.218993,2330077704.218993,0.16152594367068668,21.0
2022-04-11,KLBN4,KLABIN S/A,PN      N2,KLBN,2022-02-18 19:38:06,2021-12-31,5617892756.0,20915984000.0,5506874000.0,0.196658542427239,24475399824.749237,3559415824.749237,1.5471285938860382,22.0
2022-04-11,RAPT4,RANDON PART,PN      N1,RAPT,2022-02-24 19:36:51,2021-12-31,329331000.0,1812935000.0,1100515000.0,0.2163100040784837,3279988152.4356112,1467053152.4356112,0.7501534611564127,23.0
2022-04-11,ALLD3,ALLIED,ON      NM,ALLD,2022-04-27 12:11:23,2021-12-31,93221000.0,-338125000.0,407510000.0,0.3472331099734831,1326164596.9091537,1664289596.9091537,0.24485522276700514,24.0
2022-04-11,FESA4,FERBASA,PN      N1,FESA,2022-03-04 18:20:09,2021-12-31,88320000.0,-196923000.0,800842000.0,0.3684817397609963,3685730502.2098026,3882653502.2098026,0.2062615166520017,25.0
2022-04-11,PARD3,IHPARDINI,ON  EJ  NM,PARD,2022-02-10 20:22:26,2021-12-31,130979000.0,64278000.0,359094000.0,0.3830993909354033,2327414792.681679,2263136792.681679,0.1586709213341433,26.0
2022-04-11,SLCE3,SLC AGRICOLA,ON      NM,SLCE,2022-03-15 23:58:48,2021-12-31,212422599.0,2447979000.0,1913367000.0,0.3074148605691948,9821975622.031548,7373996622.031548,0.25947489510415106,27.0
2022-04-11,JALL3,JALLESMACHAD,ON      NM,JALL,2021-06-23 08:15:11,2021-03-31,294697091.0,707215000.0,519708000.0,0.2819599413627836,2890978462.71,2183763462.71,0.2379873135870926,28.0
2022-04-11,PDTC3,PADTEC,ON      NM,PDTC,2022-03-15 18:02:05,2021-12-31,78450000.0,20339000.0,55339000.0,0.3722120584357932,401664000.0,381325000.0,0.1451229266373828,29.0
2022-04-11,POSI3,POSITIVO TEC,ON      NM,POSI,2022-03-30 18:17:00,2021-12-31,141800000.0,541595000.0,303149000.0,0.1759164047593625,1158219712.3650565,616624712.3650565,0.4916264202861344,30.0
