rebalance_on,codneg,nomres,codcvm,doc_env,per_fim,shares_outstanding,net_debt,ebit,roic,market_cap,enterprise_value,earnings_yield,rank_final
2011-04-11,AUTM3,AUTOMETAL,22381,2011-02-28 14:52:34,2010-12-31,94.425,252.10699999999997,247.233,1.1219550733307204,1606.1692500000001,1858.2762500000001,0.13304426615795148,1
2011-04-11,ETER3,ETERNIT,5762,2011-03-11 11:18:46,2010-12-31,89.5,-56.717,123.661,0.2950365649547593,987.185,930.468,0.1329019375196138,2
2011-04-11,TOTS3,TOTVS,19992,2011-01-31 19:05:59,2010-12-31,31.459,179.42099999999996,211.669,0.1854495276199933,994.1044,1173.5254,0.1803701905386965,3
2011-04-11,VALE5,VALE,4170,2011-02-24 23:49:15,2010-12-31,5365.305,30321.395,40442.258,0.2066511812356116,254959.29360000003,285280.68860000005,0.14176304115945684,4
2011-04-11,RAPT4,RANDON PART,14109,2011-03-16 07:37:57,2010-12-31,243.785,69.81600000000026,450.228,0.1908301983243703,2913.2307499999997,2983.04675,0.1509289118583207,5
2011-04-11,BRAP4,BRADESPAR,18724,2011-03-25 16:48:14,2010-12-31,349.548,2471.046,2453.397,0.1983924429535447,15082.9962,17554.0422,0.13976251008442944,6
2011-04-11,HBOR3,HELBOR,20877,2011-03-17 09:40:09,2010-12-31,65.097,246.74700000000007,198.056,0.1884099799651191,1346.85693,1593.60393,0.12428182202085811,7
2011-04-11,FESA4,FERBASA,3069,2011-03-29 09:47:43,2010-12-31,88.32,-383.574,125.956,0.1474225034403506,1201.1519999999998,817.5779999999997,0.15405991844203248,8
2011-04-11,DIRR3,DIRECIONAL,21350,2011-04-05 16:03:49,2010-12-31,133.407162,111.52300000000002,158.758,0.2154753585933885,1444.79956446,1556.3225644600002,0.10200841626625425,9
2011-04-11,TGMA3,TEGMA,20800,2011-03-01 23:08:15,2010-12-31,66.003,13.009999999999998,168.438,0.2845964876350417,1693.63698,1706.64698,0.09869527909046544,10
2011-04-11,FHER3,FER HERINGER,20621,2011-03-14 17:03:24,2010-12-31,48.471,606.485,169.658,0.1360030219039452,498.28187999999994,1104.76688,0.15356904978903785,11
2011-04-11,CCIM3,CC DES IMOB,20486,2011-03-21 21:32:57,2010-12-31,113.0,522.616,193.84,0.1350209759212255,750.3199999999999,1272.936,0.15227788356995167,12
2011-04-11,JHSF3,JHSF PART,20605,2011-03-30 13:02:47,2010-12-31,426.374825,31.993999999999915,235.025,0.1607369903412629,1837.6754957499998,1869.6694957499997,0.12570403514323905,13
2011-04-11,BRKM5,BRASKEM,4820,2011-03-17 09:14:46,2010-12-31,801.665,9867.897,3214.961,0.1767898836866923,18085.5624,27953.4594,0.11501120322874957,14
2011-04-11,UGPA4,ULTRAPAR,18465,2011-02-24 00:53:54,2010-12-31,136.095999,2195.4060000000004,1245.517,0.1176997889528107,3865.1263716,6060.5323716,0.20551280376564995,15
2011-04-11,EVEN3,EVEN,20524,2011-03-29 16:21:41,2010-12-31,233.293408,663.029,336.447,0.1454383749520237,1994.6586384000002,2657.6876384,0.12659388377279363,16
2011-04-11,EZTC3,EZTEC,20770,2011-03-22 21:04:06,2010-12-31,146.72412,-135.131,227.177,0.1736672315160472,2189.1238703999998,2053.9928704,0.11060262344326392,17
2011-04-11,ALPA4,ALPARGATAS,10456,2011-03-30 16:55:23,2010-12-31,353.456,-358.7049999999999,324.225,0.2098675409655994,4011.7256,3653.0206000000003,0.08875531662756021,18
2011-04-11,GRND3,GRENDENE,19615,2011-02-25 09:54:33,2010-12-31,300.72,-852.4929999999999,208.413,0.1717741041190045,2926.0056000000004,2073.5126000000005,0.10051204897428642,19
2011-04-11,MYPK3,IOCHP-MAXION,11932,2011-02-23 21:34:45,2010-12-31,98.537,408.15,261.557,0.150581968121158,2160.9164100000003,2569.0664100000004,0.10181013576834706,20
2011-04-11,POMO4,MARCOPOLO,8451,2011-02-24 09:29:57,2010-12-31,448.450042,636.4240000000001,363.792,0.1657912628096639,3148.11929484,3784.54329484,0.09612573345270188,21
2011-04-11,NATU3,NATURA,19550,2011-02-24 10:38:54,2010-12-31,430.881,131.43400000000008,1167.906,0.5735739192163621,19411.189049999997,19542.62305,0.059761987784950905,22
2011-04-11,BEEF3,MINERVA,20931,2011-03-21 11:59:21,2010-12-31,105.793418,1057.5770000000002,218.869,0.1090298505772892,719.3952424,1776.9722424000001,0.12316962233714629,23
2011-04-11,FLRY3,FLEURY,21881,2011-03-14 10:21:13,2010-12-31,131.29855,-453.044,168.605,0.2509687662804831,3055.3172585,2602.2732585000003,0.06479142782152983,24
2011-04-11,LREN3,LOJAS RENNER,8133,2011-02-16 19:53:52,2010-12-31,122.349,-27.158999999999992,404.474,0.3058740951058373,6682.70238,6655.54338,0.06077249848832027,25
2011-04-11,AMAR3,LOJAS MARISA,22055,2011-02-18 15:38:17,2010-12-31,184.551,37.20900000000006,285.953,0.306720287073408,4981.031489999999,5018.240489999999,0.05698272144785154,26
2011-04-11,BISA3,BROOKFIELD,20265,2011-03-29 22:10:36,2010-12-31,438.140215,1182.585,587.858,0.1246620366577182,4004.6015651000002,5187.186565100001,0.11332887156116139,27
2011-04-11,BRML3,BR MALLS PAR,19909,2011-03-24 19:09:54,2010-12-31,406.277,1313.474,968.351,0.1173276763981446,7089.533649999999,8403.00765,0.11523861935315506,28
2011-04-11,MRVE3,MRV,20915,2011-03-30 23:24:38,2010-12-31,482.435,1074.4069999999997,669.873,0.1702828841729758,6604.53515,7678.942149999999,0.08723506270977704,29
2011-04-11,POSI3,POSITIVO INF,20362,2011-03-01 21:19:36,2010-12-31,87.8,315.403,115.705,0.1090420359573857,677.8159999999999,993.2189999999999,0.11649495227135204,30
2012-04-09,VALE5,VALE,4170,2012-02-16 11:24:28,2011-12-31,5365.305,39166.496,53087.424,0.23892339777349,217616.77080000003,256783.26680000004,0.20674020025357817,1
2012-04-09,ETER3,ETERNIT,5762,2012-03-12 17:47:08,2011-12-31,89.5,-20.477,117.301,0.217607512676658,813.555,793.078,0.14790600672317225,2
2012-04-09,FHER3,FER HERINGER,20621,2012-03-14 08:59:20,2011-12-31,48.471,611.982,306.054,0.1987741080311393,640.30191,1252.28391,0.24439665602666727,3
2012-04-09,SHOW3,TIME FOR FUN,22454,2012-02-16 10:26:12,2011-12-31,69.29,-142.053,102.209,0.4322425912280138,1219.5040000000001,1077.451,0.09486185450660865,4
2012-04-09,ODPV3,ODONTOPREV,20125,2012-03-01 18:33:38,2011-12-31,177.098264,-207.831,179.285,0.2016635421637466,1765.66969208,1557.83869208,0.11508572800988892,5
2012-04-09,RAPT4,RANDON PART,14109,2012-02-28 08:02:22,2011-12-31,243.785,379.538,459.779,0.1798184951272785,2698.69995,3078.23795,0.14936434657366238,6
2012-04-09,AUTM3,AUTOMETAL,22381,2012-02-29 18:11:32,2011-12-31,125.908,-262.426,239.791,0.1825826116149455,2051.04132,1788.6153199999999,0.13406516052876033,7
2012-04-09,SLED4,SARAIVA LIVR,10472,2012-03-22 17:05:21,2011-12-31,28.596,274.127,139.592,0.1536831113372311,616.2438000000001,890.3708000000001,0.1567796248484339,8
2012-04-09,EZTC3,EZTEC,20770,2012-03-13 22:12:01,2011-12-31,146.72412,-241.35,288.502,0.1939981518291695,3248.4720168,3007.1220168,0.09593957225154656,9
2012-04-09,MGLU3,MAGAZ LUIZA,22470,2012-04-04 16:15:45,2011-12-31,186.494,463.2610000000001,213.66,0.3156745285553107,2208.08896,2671.34996,0.07998203275470504,10
2012-04-09,TGMA3,TEGMA,20800,2012-03-14 20:54:35,2011-12-31,66.003,222.532,178.253,0.2717572624459474,1969.52952,2192.06152,0.08131751703756926,11
2012-04-09,MYPK3,IOCHP-MAXION,11932,2012-02-27 19:36:53,2011-12-31,94.863,519.373,358.253,0.1991068748957928,3534.5953799999997,4053.96838,0.08837094087053536,12
2012-04-09,NATU3,NATURA,19550,2012-02-15 19:19:16,2011-12-31,431.239,671.089,1315.07,0.6249000673897139,17236.62283,17907.71183,0.07343595946171756,13
2012-04-09,HBOR3,HELBOR,20877,2012-03-14 19:27:51,2011-12-31,65.097,539.662,236.683,0.160286217362663,1830.5276399999998,2370.1896399999996,0.09985825438001662,14
2012-04-09,MRVE3,MRV,20915,2012-03-15 23:02:15,2011-12-31,482.71,1746.5099999999998,893.023,0.1428090038736108,6449.0055999999995,8195.515599999999,0.10896483437844962,15
2012-04-09,BEEF3,MINERVA,20931,2012-03-22 10:30:36,2011-12-31,105.909718,1289.661,282.346,0.1166244390900271,801.73656526,2091.39756526,0.13500350420695792,16
2012-04-09,BRML3,BR MALLS PAR,19909,2012-02-28 01:36:37,2011-12-31,449.542,2672.954,1445.374,0.1343043827905106,10726.072119999999,13399.026119999999,0.10787157119147404,17
2012-04-09,BISA3,BROOKFIELD,20265,2012-03-13 19:03:16,2011-12-31,445.183757,2523.781,611.969,0.1039777895568491,2604.32497845,5128.105978449999,0.11933626227143054,18
2012-04-09,LAME4,LOJAS AMERIC,8087,2012-03-06 20:23:09,2011-12-31,774.97171,2611.4500000000003,1140.573,0.2805041993008804,13414.760300099999,16026.2103001,0.07116922707502991,19
2012-04-09,POMO4,MARCOPOLO,8451,2012-02-28 08:05:25,2011-12-31,448.450042,580.316,428.482,0.1767693744397786,4408.26391286,4988.57991286,0.08589258014999848,20
2012-04-09,JHSF3,JHSF PART,20605,2012-03-26 20:43:22,2011-12-31,428.762581,427.9129999999999,268.872,0.1598031811955913,2559.71260857,2987.62560857,0.08999521199334382,21
2012-04-09,GRND3,GRENDENE,19615,2012-03-01 19:05:10,2011-12-31,300.72,-804.9060000000001,187.293,0.1496156890654388,2871.8760000000007,2066.9700000000007,0.09061234560733825,22
2012-04-09,DIRR3,DIRECIONAL,21350,2012-03-13 13:05:46,2011-12-31,153.244532,122.04000000000002,177.77,0.1248998805592636,1563.0942263999998,1685.1342263999998,0.10549308014458594,23
2012-04-09,DASA3,DASA,19623,2012-03-26 21:25:09,2011-12-31,311.803015,817.837,374.552,0.2309878200905434,4599.09447125,5416.93147125,0.06914468126242866,24
2012-04-09,GSHP3,GENERALSHOPP,21008,2012-03-22 21:42:34,2011-12-31,50.4806,350.91799999999995,85.491,0.1466169317118802,601.2239460000001,952.141946,0.08978808292098918,25
2012-04-09,LREN3,LOJAS RENNER,8133,2012-02-08 18:36:54,2011-12-31,122.821,259.898,472.633,0.3137736697416584,7724.21269,7984.11069,0.05919669933834547,26
2012-04-09,EVEN3,EVEN,20524,2012-03-27 20:10:51,2011-12-31,233.293408,977.5479999999998,280.707,0.0893770364316844,1658.71613088,2636.26413088,0.1064790878546371,27
2012-04-09,RENT3,LOCALIZA,19739,2012-03-13 08:21:28,2011-12-31,201.708,1363.4230000000002,595.707,0.1803668841773801,6854.037839999999,8217.46084,0.07249283100934133,28
2012-04-09,ALPA4,ALPARGATAS,10456,2012-03-16 19:04:10,2011-12-31,353.456,-435.021,311.815,0.208009456541954,5475.03344,5040.01244,0.06186790284985883,29
2012-04-09,AMAR3,LOJAS MARISA,22055,2012-03-08 20:42:29,2011-12-31,184.551,342.818,277.217,0.2126851139314667,4287.119729999999,4629.93773,0.05987488734540713,30
2013-04-10,BRML3,BR MALLS PAR,19909,2013-03-06 23:59:07,2012-12-31,453.364,3707.683,3409.403,0.2269340834986522,10926.072400000001,14633.755400000002,0.23298209562802993,1
2013-04-10,ETER3,ETERNIT,5762,2013-03-15 16:57:06,2012-12-31,89.5,-15.64,155.553,0.2458281872187994,828.77,813.13,0.19130151390306593,2
2013-04-10,CSAN3,COSAN,19836,2012-05-31 00:22:35,2012-03-31,407.214,3397.9080000000004,4229.142,0.2194095147525411,18491.58774,21889.49574,0.19320417657094918,3
2013-04-10,PTBL3,PORTOBELLO,13773,2013-03-28 07:22:06,2012-12-31,159.009,107.64499999999998,116.862,0.4026715672198931,855.4684199999999,963.1134199999999,0.12133773403344333,4
2013-04-10,BEEF3,MINERVA,20931,2013-03-20 21:26:37,2012-12-31,146.307556,1377.5100000000002,418.428,0.1452395147226189,1795.19371212,3172.70371212,0.13188373008219115,5
2013-04-10,EMBR3,EMBRAER,20087,2013-03-12 20:48:13,2012-12-31,740.465,-639.6210000000001,1217.431,0.1603048748372021,13283.942100000002,12644.321100000001,0.09628282850235431,6
2013-04-10,SLED4,SARAIVA LIVR,10472,2013-03-21 17:49:52,2012-12-31,28.596,287.9580000000001,143.899,0.1282844499914903,895.3407599999999,1183.2987600000001,0.12160834175132575,7
2013-04-10,FHER3,FER HERINGER,20621,2013-03-08 14:30:00,2012-12-31,48.471407,760.8620000000001,201.409,0.1224490371170068,597.16773424,1358.02973424,0.14830971290383077,8
2013-04-10,HBOR3,HELBOR,20877,2013-03-25 17:54:40,2012-12-31,195.291,643.3520000000001,317.837,0.1448049535603714,2677.43961,3320.79161,0.09571121507380584,9
2013-04-10,NATU3,NATURA,19550,2013-02-06 21:47:46,2012-12-31,431.239,681.4570000000001,1369.55,0.4704559436308315,21303.206599999998,21984.663599999996,0.06229569962580643,10
2013-04-10,KLBN4,KLABIN S/A,12653,2013-02-22 07:25:15,2012-12-31,917.683296,3277.7149999999992,1644.218,0.1410554515258313,13361.468789760002,16639.18378976,0.09881602491895522,11
2013-04-10,AUTM3,AUTOMETAL,22381,2013-02-28 06:18:01,2012-12-31,125.908,-85.9029999999999,213.968,0.1537047804285526,2670.50868,2584.60568,0.08278554893526349,12
2013-04-10,TIMP3,TIM PART S/A,17639,2013-02-06 02:38:39,2012-12-31,2417.632647,-40.49499999999989,2321.445,0.1147748593362453,21009.22770243,20968.73270243,0.11070983797370718,13
2013-04-10,EZTC3,EZTEC,20770,2013-03-19 21:23:21,2012-12-31,146.72412,-33.00400000000002,309.999,0.1739774032725884,4130.2839779999995,4097.279978,0.07565970635751366,14
2013-04-10,HGTX3,CIA HERING,14761,2013-02-21 19:03:29,2012-12-31,164.224,-168.763,373.13,0.4511321086531203,6389.955839999999,6221.192839999999,0.059977243849589475,15
2013-04-10,EUCA4,EUCATEX,5770,2013-03-20 19:44:00,2012-12-31,92.619,193.112,172.774,0.0940251935859178,818.7519599999999,1011.8639599999999,0.17074824959671459,16
2013-04-10,TGMA3,TEGMA,20800,2013-03-31 22:39:16,2012-12-31,66.002,284.76000000000005,154.573,0.1643810705423608,1989.30028,2274.06028,0.06797225269683704,17
2013-04-10,BEMA3,BEMATECH,20656,2013-03-04 18:02:15,2012-12-31,51.56827,-32.046,44.86,0.1016849263316962,460.5046511,428.4586511,0.10470088510251578,18
2013-04-10,PCAR4,P.ACUCAR-CBD,14826,2013-02-20 20:34:22,2012-12-31,263.41,3406.0030000000006,2869.207,0.1162987146981723,28464.084600000002,31870.087600000003,0.09002821190864878,19
2013-04-10,ALPA4,ALPARGATAS,10456,2013-03-15 18:37:26,2012-12-31,388.801,-318.15500000000003,291.759,0.1825502494221862,5163.277279999999,4845.12228,0.06021705606984186,20
2013-04-10,GRND3,GRENDENE,19615,2013-02-28 20:04:01,2012-12-31,300.72,-341.558,362.813,0.2054158817413503,6510.588,6169.03,0.058812001238444295,21
2013-04-10,IGTA3,IGUATEMI,20494,2013-03-19 18:35:18,2012-12-31,158.510978,559.9140000000001,365.094,0.1241261072659725,4070.56191504,4630.47591504,0.07884589115649167,22
2013-04-10,LREN3,LOJAS RENNER,8133,2013-02-26 19:05:40,2012-12-31,124.17,632.1370000000002,559.25,0.2588653700897074,9169.9545,9802.0915,0.057054150127041764,23
2013-04-10,RDNI3,RODOBENSIMOB,20451,2013-03-26 18:25:07,2012-12-31,48.575,258.467,124.733,0.0695163632924518,716.967,975.434,0.12787436156623616,24
2013-04-10,EVEN3,EVEN,20524,2013-03-04 20:04:10,2012-12-31,233.293408,976.923,326.279,0.0837256213205019,2318.93647552,3295.85947552,0.09899663575569215,25
2013-04-10,AMAR3,LOJAS MARISA,22055,2013-02-05 20:32:28,2012-12-31,185.449,485.4930000000001,355.416,0.1953838760002431,5726.665120000001,6212.158120000001,0.05721296739948402,26
2013-04-10,DIRR3,DIRECIONAL,21350,2013-03-25 19:42:36,2012-12-31,153.972578,319.576,225.422,0.1098383120847708,2414.29002304,2733.86602304,0.08245539397330656,27
2013-04-10,GSHP3,GENERALSHOPP,21008,2013-04-04 19:28:23,2012-12-31,50.4806,616.748,108.156,0.1043563230321432,627.978664,1244.726664,0.08689136589428761,28
2013-04-10,CCRO3,CCR SA,18821,2013-03-18 19:34:57,2012-12-31,1765.5872,7272.158,2497.436,0.1753751172362722,36265.161088,43537.319088000004,0.05736310944989622,29
2013-04-10,PFRM3,PROFARMA,20346,2013-03-26 22:53:05,2012-12-31,33.543,173.304,84.388,0.0843886393078735,737.27514,910.5791399999999,0.09267508587995989,30
2014-04-10,MGLU3,MAGAZ LUIZA,22470,2014-02-24 07:35:59,2013-12-31,186.494,548.6859999999999,374.966,0.1893924199428786,1333.4321,1882.1181,0.19922554275419807,1
2014-04-10,ETER3,ETERNIT,5762,2014-03-17 10:31:17,2013-12-31,89.5,33.724000000000004,143.247,0.2038030670799794,748.2199999999999,781.944,0.18319342561615667,2
2014-04-10,PTBL3,PORTOBELLO,13773,2014-03-25 20:46:58,2013-12-31,159.009,235.457,138.713,0.3899552757569045,804.5855399999999,1040.04254,0.13337242917006067,3
2014-04-10,EZTC3,EZTEC,20770,2014-03-19 21:13:25,2013-12-31,146.72412,93.60700000000004,568.504,0.232118386287165,4131.7512192,4225.3582192,0.1345457522197104,4
2014-04-10,HGTX3,CIA HERING,14761,2014-02-20 18:29:17,2013-12-31,164.611,-116.279,405.003,0.4344699359758922,4151.48942,4035.21042,0.10036725668447298,5
2014-04-10,HBOR3,HELBOR,20877,2014-03-18 20:37:15,2013-12-31,257.7,997.522,456.041,0.1382713137625839,1963.674,2961.196,0.15400567878654436,6
2014-04-10,EMBR3,EMBRAER,20087,2014-04-02 19:24:18,2013-12-31,740.465,-1005.5859999999992,1605.885,0.1705259514980814,14231.737299999999,13226.1513,0.12141740734509819,7
2014-04-10,BEEF3,MINERVA,20931,2014-03-11 18:50:11,2013-12-31,145.056023,1865.41,459.517,0.1422641905942207,1469.4175129900002,3334.8275129900003,0.1377933336012326,8
2014-04-10,JHSF3,JHSF PART,20605,2014-03-25 23:06:51,2013-12-31,432.043157,1556.2520000000002,544.314,0.1201043888169166,1754.09521742,3310.34721742,0.16442806879461555,9
2014-04-10,BEMA3,BEMATECH,20656,2014-02-25 18:06:36,2013-12-31,51.56827,-60.499,58.414,0.1125119725441327,455.8635068,395.36450679999996,0.1477472028857397,10
2014-04-10,VALE5,VALE,4170,2014-03-17 19:18:56,2013-12-31,5365.305,56511.766,33436.715,0.1087921904355631,159081.29325,215593.05925,0.1550917970936488,11
2014-04-10,KLBN4,KLABIN S/A,12653,2014-02-12 09:36:33,2013-12-31,917.683296,3984.214,1119.252,0.084922086635192,2055.61058304,6039.82458304,0.18531200444842247,12
2014-04-10,GRND3,GRENDENE,19615,2014-02-13 18:44:14,2013-12-31,300.72,-314.28900000000004,399.233,0.1634572742995674,4447.6488,4133.3598,0.09658801055741627,13
2014-04-10,RAPT4,RANDON PART,14109,2014-04-02 11:18:19,2013-12-31,243.785,1192.137,446.422,0.1119900841298185,2028.2912000000001,3220.4282000000003,0.13862193853599966,14
2014-04-10,RDNI3,RODOBENSIMOB,20451,2014-03-20 18:52:07,2013-12-31,48.575,309.219,158.087,0.0886025017196137,568.3275,877.5464999999999,0.18014657912714596,15
2014-04-10,NATU3,NATURA,19550,2014-03-17 18:18:45,2013-12-31,431.239,1584.598,1415.996,0.4785208086172493,17818.79548,19403.39348,0.07297671932796367,16
2014-04-10,BRML3,BR MALLS PAR,19909,2014-03-17 19:38:49,2013-12-31,457.066,4278.201,1811.726,0.095604263601034,8492.286279999998,12770.487279999998,0.14186819659085087,17
2014-04-10,PCAR4,P.ACUCAR-CBD,14826,2014-03-18 20:52:41,2013-12-31,264.453,1101.639000000001,2948.239,0.1344371924907319,27640.627559999997,28742.266559999996,0.10257503505666467,18
2014-04-10,AUTM3,AUTOMETAL,22381,2014-02-28 07:58:13,2013-12-31,125.908,557.1980000000001,262.84,0.1483914897111456,2275.15756,2832.35556,0.09279908345970517,19
2014-04-10,DIRR3,DIRECIONAL,21350,2014-03-17 19:23:22,2013-12-31,155.298749,347.7489999999999,258.721,0.0918744158843933,1625.97790203,1973.72690203,0.13108247130537795,20
2014-04-10,LEVE3,METAL LEVE,8575,2014-03-14 17:55:09,2013-12-31,128.3085,267.391,311.362,0.1206093533485264,2947.2462450000003,3214.6372450000003,0.09685758493723916,21
2014-04-10,RENT3,LOCALIZA,19739,2014-03-21 08:28:52,2013-12-31,211.793,1332.7989999999998,652.067,0.1683755572231059,7061.178620000001,8393.97762,0.07768271843450543,22
2014-04-10,LREN3,LOJAS RENNER,8133,2014-02-20 18:42:23,2013-12-31,125.895,980.8530000000002,650.438,0.2215319689135213,8164.290749999999,9145.14375,0.07112386833722543,23
2014-04-10,ARZZ3,AREZZO CO,22349,2014-03-19 08:00:46,2013-12-31,88.637,-87.273,148.49,0.2833868761729062,2418.90373,2331.63073,0.06368504158460805,24
2014-04-10,CCRO3,CCR SA,18821,2014-03-12 18:32:08,2013-12-31,1765.5872,6995.933,2725.018,0.1792332276776131,30456.3792,37452.3122,0.07275967329995717,25
2014-04-10,MYPK3,IOCHP-MAXION,11932,2014-02-26 18:20:28,2013-12-31,94.863,2111.254,453.559,0.0898652421867096,2056.62984,4167.88384,0.10882237063497431,26
2014-04-10,SEER3,SER EDUCA,23221,2014-03-26 23:05:25,2013-12-31,125.213244,-193.735,137.378,0.3522348608456481,2404.0942848,2210.3592848,0.06215188677456587,27
2014-04-10,CYRE3,CYRELA REALT,14460,2014-03-20 19:48:31,2013-12-31,416.659,2653.59,1002.012,0.0823321946996389,5599.89696,8253.48696,0.1214046868743099,28
2014-04-10,MAGG3,MAGNESITA SA,20842,2014-03-20 19:31:34,2013-12-31,290.677834,534.4750000000001,312.53,0.0673491377199289,1418.50782992,1952.98282992,0.1600270085389343,29
2014-04-10,TIMP3,TIM PART S/A,17639,2014-02-13 21:53:31,2013-12-31,2417.632647,-540.9859999999999,2438.873,0.1167062365981203,27029.13299346,26488.14699346,0.09207412661226037,30
2015-04-10,CVCB3,CVC BRASIL,23310,2015-02-09 20:27:56,2014-12-31,131.465335,-50.499,324.084,0.7872369931984806,2107.38932005,2056.8903200500004,0.15756017559172622,1
2015-04-10,MGLU3,MAGAZ LUIZA,22470,2015-02-26 18:31:29,2014-12-31,181.494467,848.478,490.928,0.2606074654728516,921.99189236,1770.46989236,0.27728683900159584,2
2015-04-10,PCAR4,P.ACUCAR-CBD,14826,2015-02-12 19:44:08,2014-12-31,265.283,-1421.0,4004.0,0.1912738853503184,26798.88866,25377.88866,0.15777514251258443,3
2015-04-10,SEER3,SER EDUCA,23221,2015-04-01 11:32:12,2014-12-31,125.213244,-28.728999999999985,229.349,0.5875470731394902,1731.69916452,1702.97016452,0.134675876758325,4
2015-04-10,HGTX3,CIA HERING,14761,2015-02-26 18:09:37,2014-12-31,164.611,-158.614,357.266,0.2981059674150641,2745.71148,2587.09748,0.13809529898347706,5
2015-04-10,ETER3,ETERNIT,5762,2015-03-12 08:31:33,2014-12-31,179.0,79.534,127.796,0.1562376424693388,553.11,632.644,0.20200302223683464,6
2015-04-10,BEEF3,MINERVA,20931,2015-03-27 18:07:32,2014-12-31,178.00009,2851.6630000000005,593.553,0.1696572252167352,1450.7007335,4302.3637335,0.13795974417001253,7
2015-04-10,BEMA3,BEMATECH,20656,2015-03-10 17:39:31,2014-12-31,51.56827,-38.05200000000001,71.953,0.1382563430717498,523.4179405,485.36594049999997,0.14824484784795072,8
2015-04-10,NATU3,NATURA,19550,2015-02-11 19:21:06,2014-12-31,431.239,2285.224,1364.672,0.3271824379696953,12022.943319999998,14308.167319999999,0.09537713457491215,9
2015-04-10,EZTC3,EZTEC,20770,2015-03-18 22:12:42,2014-12-31,146.72412,272.486,436.377,0.1306711801287888,3019.5823895999997,3292.0683895999996,0.1325540506322901,10
2015-04-10,ANIM3,ANIMA,23248,2015-02-26 18:39:42,2014-12-31,82.865891,-6.8419999999999845,121.562,0.5811266034578918,1471.69822416,1464.8562241600002,0.08298561865326264,11
2015-04-10,RAPT4,RANDON PART,14109,2015-03-12 11:27:34,2014-12-31,304.731,1058.6379999999997,369.412,0.0860023457245202,1121.41008,2180.0480799999996,0.16945130861517516,12
2015-04-10,DIRR3,DIRECIONAL,21350,2015-03-16 19:13:34,2014-12-31,153.265983,283.1879999999999,243.658,0.0825035553412204,976.3043117100001,1259.49231171,0.1934573142960976,13
2015-04-10,BRKM5,BRASKEM,4820,2015-02-12 09:39:42,2014-12-31,797.265348,16253.475000000002,3569.208,0.1077558512558775,9096.79762068,25350.27262068,0.14079564560928415,14
2015-04-10,TGMA3,TEGMA,20800,2015-03-26 18:29:15,2014-12-31,66.002915,281.49800000000005,134.646,0.1225421751540975,1015.7848618500001,1297.2828618500002,0.10379077991363196,15
2015-04-10,WEGE3,WEG,5410,2015-02-25 07:38:22,2014-12-31,807.176538,-101.0269999999996,1094.352,0.161312526354157,13043.97285408,12942.94585408,0.08455200325627785,16
2015-04-10,GRND3,GRENDENE,19615,2015-02-12 17:47:55,2014-12-31,300.72,-489.439,389.413,0.1465568969322067,5019.016800000001,4529.577800000001,0.08597114724467254,17
2015-04-10,HBOR3,HELBOR,20877,2015-03-24 18:57:34,2014-12-31,257.7,1189.273,312.23,0.0760161216070258,1005.03,2194.303,0.1422911967946086,18
2015-04-10,JBSS3,JBS,20575,2015-03-11 21:25:25,2014-12-31,2943.644008,25168.713,7829.443,0.1102233954036573,48422.9439316,73591.6569316,0.10639036171283793,19
2015-04-10,ALSC3,ALIANSCE,21300,2015-03-26 19:21:58,2014-12-31,159.06092,1026.583,418.473,0.0939999258053438,2853.5529048000003,3880.1359048000004,0.10785008831322623,20
2015-04-10,BRML3,BR MALLS PAR,19909,2015-03-11 19:26:38,2014-12-31,460.601,4447.523999999999,1706.567,0.0819422897325276,8461.240370000001,12908.76437,0.1322021962044691,21
2015-04-10,MRVE3,MRV,20915,2015-03-05 20:29:56,2014-12-31,449.139,1284.5329999999997,703.676,0.0779169496393608,3844.6298400000005,5129.16284,0.13719119902225604,22
2015-04-10,RLOG3,COSAN LOG,23485,2015-03-18 18:53:31,2014-12-31,405.856814,698.222,225.092,0.0912918695569883,1245.98041898,1944.20241898,0.11577601066770174,23
2015-04-10,LEVE3,METAL LEVE,8575,2015-03-16 18:24:13,2014-12-31,128.3085,303.0230000000001,278.735,0.1120610970669752,2566.17,2869.193,0.09714752545402139,24
2015-04-10,RENT3,LOCALIZA,19739,2015-03-24 09:03:18,2014-12-31,211.793,1322.2769999999998,726.637,0.1793489770221244,8249.337350000002,9571.614350000002,0.07591582500396078,25
2015-04-10,CCRO3,CCR SA,18821,2015-04-02 19:03:18,2014-12-31,1765.5872,8862.114000000001,2863.15,0.1802875244455121,29432.338624000004,38294.452624000005,0.07476670389082932,26
2015-04-10,ARZZ3,AREZZO CO,22349,2015-03-03 08:00:23,2014-12-31,88.682,-100.975,148.07,0.2287228888592432,2287.10878,2186.13378,0.06773144505365082,27
2015-04-10,FESA4,FERBASA,3069,2015-02-27 17:58:50,2014-12-31,88.32,-234.656,74.286,0.0492952501221604,581.1456,346.48959999999994,0.2143960453647094,28
2015-04-10,TIMP3,TIM PART S/A,17639,2015-02-13 08:39:39,2014-12-31,2421.032479,1521.4269999999997,2485.689,0.1167351024865134,25323.99973034,26845.42673034,0.09259264249991374,29
2015-04-10,MYPK3,IOCHP-MAXION,11932,2015-02-25 17:19:08,2014-12-31,94.863,2175.327,417.703,0.077517403766828,1083.33546,3258.6624600000005,0.12818234632377357,30
2016-04-11,BRKM5,BRASKEM,4820,2016-02-18 10:22:20,2015-12-31,797.265248,19897.905,7052.191,0.210153640820261,18648.034150720003,38545.939150720005,0.18295548520493815,1
2016-04-11,CVCB3,CVC BRASIL,23310,2016-02-19 10:27:38,2015-12-31,134.330243,154.356,384.451,0.6214079891851383,2510.63224167,2664.98824167,0.14425992354813766,2
2016-04-11,ALSC3,ALIANSCE,21300,2016-03-28 22:24:33,2015-12-31,162.735921,-136.04500000000002,443.178,0.190653951948272,2305.9680005699997,2169.9230005699997,0.20423674014404433,3
2016-04-11,SEER3,SER EDUCA,23221,2016-03-19 13:17:37,2015-12-31,125.213244,99.58999999999996,218.098,0.2407411656684891,1378.59781644,1478.18781644,0.14754417373379336,4
2016-04-11,FESA4,FERBASA,3069,2016-03-04 18:18:23,2015-12-31,88.32,-64.99099999999999,215.687,0.1364550154999971,778.0992,713.1082,0.30246041203845364,5
2016-04-11,MGLU3,MAGAZ LUIZA,22470,2016-02-29 22:11:20,2015-12-31,22.248933,708.222,338.926,0.1395501155685316,644.32909968,1352.5510996799999,0.25058276916871125,6
2016-04-11,RLOG3,COSAN LOG,23485,2016-02-25 20:42:15,2015-12-31,405.856814,8338.327,1044.654,0.3402325025956439,288.15833793999997,8626.48533794,0.12109844960908064,7
2016-04-11,RUMO3,RUMO LOG,23450,2016-02-25 20:38:25,2015-12-31,299.015898,8003.919999999999,1051.477,0.3417177801128793,989.74262238,8993.66262238,0.11691310249769486,8
2016-04-11,TIMP3,TIM PART S/A,17639,2016-02-04 20:35:27,2015-12-31,2421.032479,1226.6189999999997,3244.217,0.1271225207218397,17891.43001981,19118.049019809998,0.16969393668979316,9
2016-04-11,ETER3,ETERNIT,5762,2016-03-28 20:20:49,2015-12-31,179.0,144.94899999999998,92.143,0.1023221983302542,289.98,434.929,0.21185756755700358,10
2016-04-11,NATU3,NATURA,19550,2016-02-17 21:07:01,2015-12-31,431.239,2752.200999999999,1256.769,0.2415524084401917,12281.68672,15033.887719999999,0.08359574205999193,11
2016-04-11,FIBR3,FIBRIA,12793,2016-01-27 20:04:45,2015-12-31,553.591112,10254.317,3524.324,0.1067078526812456,15461.79975816,25716.11675816,0.13704728568249694,12
2016-04-11,JBSS3,JBS,20575,2016-03-16 21:30:36,2015-12-31,2856.857505,47038.738,9179.297,0.1192322064658216,26683.0490967,73721.78709669999,0.12451267612326904,13
2016-04-11,EZTC3,EZTEC,20770,2016-03-29 20:20:48,2015-12-31,157.058466,-165.60799999999995,391.311,0.0960345592432217,2627.58813618,2461.98013618,0.1589415748118735,14
2016-04-11,HGTX3,CIA HERING,14761,2016-02-25 18:40:18,2015-12-31,163.771,-106.785,215.699,0.1551684809087669,2335.37446,2228.58946,0.09678722971255549,15
2016-04-11,PCAR4,P.ACUCAR-CBD,14826,2016-02-24 23:57:53,2015-12-31,265.702,-3037.0,1576.0,0.0796386187887604,12599.58884,9562.58884,0.16480892636601113,16
2016-04-11,LAME4,LOJAS AMERIC,8087,2016-03-16 19:12:35,2015-12-31,1200.491863,4912.747,1934.742,0.1966492511363009,18559.60420198,23472.35120198,0.08242642517366541,17
2016-04-11,RENT3,LOCALIZA,19739,2016-03-03 21:55:38,2015-12-31,211.793,1634.1729999999998,735.508,0.1630191340464594,6830.324250000001,8464.49725,0.0868932883166806,18
2016-04-11,SUZB5,SUZANO PAPEL,13986,2016-02-19 08:15:42,2015-12-31,1107.739,12262.792,3069.984,0.0993736631053416,12096.50988,24359.30188,0.126029227566681,19
2016-04-11,GRND3,GRENDENE,19615,2016-02-25 18:50:19,2015-12-31,300.72,-405.332,400.732,0.1438584929521157,5115.247200000001,4709.9152,0.08508263588270124,20
2016-04-11,JHSF3,JHSF PART,20605,2016-03-30 19:57:23,2015-12-31,525.0,1725.847,458.296,0.0689624152719164,771.75,2497.5969999999998,0.18349477517790103,21
2016-04-11,ARZZ3,AREZZO CO,22349,2016-03-02 08:00:19,2015-12-31,88.735,-102.609,141.288,0.196184617456103,2065.7508000000003,1963.1418000000003,0.0719703487542265,22
2016-04-11,ALPA4,ALPARGATAS,10456,2016-03-04 18:18:42,2015-12-31,470.45,184.499,368.805,0.1143159793076079,3787.1225000000004,3971.6215,0.09286005728390784,23
2016-04-11,MRFG3,MARFRIG,20788,2016-02-29 07:20:04,2015-12-31,520.747405,7179.583,1278.111,0.0794768239580313,3317.1609698499997,10496.743969849998,0.12176261549973431,24
2016-04-11,LREN3,LOJAS RENNER,8133,2016-02-04 20:35:50,2015-12-31,640.041,1165.485,933.253,0.207218199361067,13248.8487,14414.333700000001,0.0647447894174949,25
2016-04-11,CCRO3,CCR SA,18821,2016-02-25 20:03:34,2015-12-31,1765.5872,11838.687,2729.437,0.1437425324123763,24312.135744,36150.822744,0.07550137985318767,26
2016-04-11,BRFS3,BRF SA,16292,2016-02-25 23:45:52,2015-12-31,872.473246,9081.682,4228.41,0.1349175744805764,42716.290124160005,51797.972124160005,0.08163273245262342,27
2016-04-11,ODPV3,ODONTOPREV,20125,2016-03-09 18:56:33,2015-12-31,531.294792,-334.35200000000003,308.66,0.5381613567918845,6577.429524960001,6243.077524960001,0.049440359945230314,28
2016-04-11,UGPA3,ULTRAPAR,18465,2016-02-17 21:13:47,2015-12-31,556.405096,5395.411,2950.646,0.1645810933753076,39465.81345928,44861.22445928,0.06577274774740638,29
2016-04-11,MYPK3,IOCHP-MAXION,11932,2016-02-25 18:44:19,2015-12-31,94.863,2675.6,449.602,0.0785054671770952,1377.41076,4053.01076,0.11093037413993936,30
2017-04-10,SHOW3,TIME FOR FUN,22454,2017-03-08 19:58:11,2016-12-31,67.501,-99.651,53.285,0.440184494455153,434.03143,334.38043,0.15935442154913193,1
2017-04-10,MGLU3,MAGAZ LUIZA,22470,2017-02-20 06:31:12,2016-12-31,21.623933,430.65099999999984,580.945,0.279782681982496,3986.1558092200003,4416.80680922,0.13153054346576545,2
2017-04-10,CVCB3,CVC BRASIL,23310,2017-02-15 23:41:50,2016-12-31,134.330243,237.503,439.365,0.355498140867448,3833.7851352199996,4071.2881352199997,0.10791793295078539,3
2017-04-10,BEEF3,MINERVA,20931,2017-02-23 21:38:52,2016-12-31,239.844659,3429.832999999999,886.986,0.1510623612362629,2355.27455138,5785.107551379999,0.1533223007735466,4
2017-04-10,SEER3,SER EDUCA,23221,2017-03-17 00:02:07,2016-12-31,125.213244,-50.795000000000016,296.995,0.2287715199055114,2901.19086348,2850.39586348,0.10419429939720858,5
2017-04-10,CSAN3,COSAN,19836,2017-02-16 21:23:33,2016-12-31,407.294353,5147.1990000000005,2793.431,0.0970583319869566,15737.85379992,20885.05279992,0.13375264246450458,6
2017-04-10,POSI3,POSITIVO INF,20362,2017-03-16 19:33:36,2016-12-31,87.8,199.85,121.275,0.0919923134300054,294.13,493.98,0.24550589092675817,7
2017-04-10,CCRO3,CCR SA,18821,2017-03-06 18:12:58,2016-12-31,1765.5872,13365.287000000002,4302.444,0.180373068689136,31568.699135999996,44933.986136,0.09575032998358872,8
2017-04-10,FRAS3,FRAS-LE,6211,2017-03-23 06:59:36,2016-12-31,217.566,-274.25699999999995,83.637,0.0922300453795103,979.047,704.7900000000001,0.1186693908823905,9
2017-04-10,MAGG3,MAGNESITA SA,20842,2017-03-15 08:45:37,2016-12-31,52.631881,1492.4070000000004,464.505,0.0779601102420432,1357.37621099,2849.78321099,0.16299660907842647,10
2017-04-10,NATU3,NATURA,19550,2017-02-22 19:36:08,2016-12-31,431.239,2091.242,1082.868,0.1866054442230326,13023.4178,15114.6598,0.0716435576009458,11
2017-04-10,ALPA4,ALPARGATAS,10456,2017-03-22 17:50:33,2016-12-31,470.45,90.55599999999998,472.343,0.1473466100433182,5574.8324999999995,5665.388499999999,0.08337345267672289,12
2017-04-10,MRFG3,MARFRIG,20788,2017-02-23 22:08:22,2016-12-31,521.300754,5910.256000000001,1013.17,0.0833446691880997,2929.71023748,8839.966237480001,0.11461242868828232,13
2017-04-10,ALSC3,ALIANSCE,21300,2017-03-27 20:40:38,2016-12-31,202.735921,-503.207,251.392,0.09340745036002,3055.23032947,2552.02332947,0.09850693647546264,14
2017-04-10,UGPA3,ULTRAPAR,18465,2017-02-22 21:26:46,2016-12-31,556.405096,5730.384999999998,3113.186,0.1536853743659093,39782.964364,45513.349363999994,0.06840160180482033,15
2017-04-10,ARZZ3,AREZZO CO,22349,2017-03-08 11:18:35,2016-12-31,88.836,-136.79500000000002,151.326,0.1938209495125132,2873.8446,2737.0496,0.055288000626660186,16
2017-04-10,GRND3,GRENDENE,19615,2017-02-16 18:02:07,2016-12-31,300.72,-1183.361,399.594,0.1192587052348075,6859.4232,5676.0622,0.07039986277810698,17
2017-04-10,ODPV3,ODONTOPREV,20125,2017-02-21 18:12:04,2016-12-31,531.294792,-428.377,281.739,0.5821071941747875,5876.12039952,5447.74339952,0.051716642899301016,18
2017-04-10,RENT3,LOCALIZA,19739,2017-02-05 12:48:32,2016-12-31,211.793,2093.628,771.192,0.1423440453051807,9225.703080000001,11319.331080000002,0.06813052772726212,19
2017-04-10,VALE5,VALE,4170,2017-02-23 06:06:01,2016-12-31,5244.316,81672.867,25072.734,0.0695105524639512,143432.04260000002,225104.9096,0.11138243961250323,20
2017-04-10,SGPS3,SPRINGS,20966,2017-03-27 18:37:37,2016-12-31,50.0,920.706,168.939,0.0591480120121139,446.5,1367.2060000000001,0.1235651394157135,21
2017-04-10,MYPK3,IOCHP-MAXION,11932,2017-03-27 17:55:42,2016-12-31,94.863,2628.486,479.322,0.0616420444692123,1465.6333499999998,4094.11935,0.11707572716462211,22
2017-04-10,SMTO3,SAO MARTINHO,20516,2016-06-06 20:11:17,2016-03-31,113.329207,2534.041,467.419,0.0637909890133522,1968.5283255900001,4502.5693255900005,0.1038116164793867,23
2017-04-10,LREN3,LOJAS RENNER,8133,2017-02-09 19:58:09,2016-12-31,643.551,981.039,975.69,0.1852372913095543,18489.220230000003,19470.259230000003,0.05011181353439021,24
2017-04-10,POMO4,MARCOPOLO,8451,2017-02-23 08:28:24,2016-12-31,925.196009,859.6179999999999,303.943,0.0664220118478775,2303.73806241,3163.35606241,0.09608244977912517,25
2017-04-10,TPIS3,TRIUNFO PART,19330,2017-03-28 21:12:08,2016-12-31,176.0,2718.697,374.968,0.0591091879280855,793.76,3512.4570000000003,0.10675376239481366,26
2017-04-10,MDIA3,M.DIASBRANCO,20338,2017-03-06 18:17:01,2016-12-31,113.0,-216.89200000000005,800.604,0.1283409700940967,15429.019999999999,15212.127999999999,0.05262932312954507,27
2017-04-10,PTBL3,PORTOBELLO,13773,2017-03-21 09:20:46,2016-12-31,158.489,480.916,75.808,0.067481043695933,437.42964,918.34564,0.08254844004050589,28
2017-04-10,TGMA3,TEGMA,20800,2017-03-21 19:08:44,2016-12-31,66.002915,98.719,56.676,0.0725768091253218,765.633814,864.3528140000001,0.06557044656072583,29
2017-04-10,JBSS3,JBS,20575,2017-04-07 20:38:22,2016-12-31,2856.857505,46904.792,6747.689,0.0580937646898421,28454.3007498,75359.09274980001,0.08954047552566784,30
2018-04-10,BRKM5,BRASKEM,4820,2018-03-29 05:11:07,2017-12-31,797.257604,17569.797,9359.062,0.3599758803177028,38204.584383680005,55774.38138368,0.1678021659373981,1
2018-04-10,SHOW3,TIME FOR FUN,22454,2018-03-29 18:45:27,2017-12-31,67.535,-179.079,68.12,0.2392223008529363,679.4021,500.3231,0.1361520185656029,2
2018-04-10,SEER3,SER EDUCA,23221,2018-03-23 00:06:17,2017-12-31,138.812,-596.8530000000001,256.035,0.1878414415215566,2562.4695200000006,1965.6165200000005,0.13025684175670235,3
2018-04-10,VULC3,VULCABRAS,11762,2018-03-08 15:45:12,2017-12-31,245.756,-7.443999999999988,240.693,0.2798612826335511,2189.6859600000003,2182.2419600000003,0.11029620198486147,4
2018-04-10,FESA4,FERBASA,3069,2018-03-05 18:35:51,2017-12-31,88.32,-447.629,246.014,0.1449527341354261,1645.4015999999997,1197.7725999999998,0.20539291014003833,5
2018-04-10,BEEF3,MINERVA,20931,2018-03-05 22:31:48,2017-12-31,229.860259,5799.666,989.541,0.1652615349578683,1956.11080409,7755.77680409,0.12758760663124893,6
2018-04-10,CAML3,CAMIL,24228,2017-09-28 21:02:41,2017-02-28,123.017292,1046.915,460.392,0.1253238570841726,900.48657744,1947.40157744,0.23641348827765588,7
2018-04-10,ODPV3,ODONTOPREV,20125,2018-02-28 18:09:07,2017-12-31,531.294792,-436.456,575.9,1.4112470853816108,7698.461536080001,7262.005536080001,0.07930316179721178,8
2018-04-10,CCRO3,CCR SA,18821,2018-02-27 14:58:11,2017-12-31,2020.0,12070.244,3897.029,0.1468916072941195,24482.399999999998,36552.644,0.10661414807640181,9
2018-04-10,PTBL3,PORTOBELLO,13773,2018-02-23 20:11:02,2017-12-31,158.489,419.1819999999999,149.006,0.136707503040834,841.57659,1260.75859,0.11818757467280078,10
2018-04-10,NATU3,NATURA,19550,2018-03-14 18:44:55,2017-12-31,431.239,5661.464,1358.641,0.290418194943884,13433.09485,19094.55885,0.07115330658712757,11
2018-04-10,SLCE3,SLC AGRICOLA,20745,2018-03-07 20:06:54,2017-12-31,98.8975,839.846,593.453,0.1130182809738502,3694.8106,4534.6566,0.13087054927158098,12
2018-04-10,CSAN3,COSAN,19836,2018-03-26 18:39:42,2017-12-31,407.904353,6524.666000000001,2866.649,0.1186978154573865,15908.269767,22432.935767000003,0.12778750983707568,13
2018-04-10,LEVE3,METAL LEVE,8575,2018-03-19 17:52:26,2017-12-31,128.3085,6.912000000000006,307.478,0.1391096210148359,3053.7423000000003,3060.6543,0.10046152549799564,14
2018-04-10,PRIO3,PETRORIO,22187,2018-03-16 00:18:21,2017-12-31,13.191932,-476.285,42.209,0.0944429791403222,690.99339816,214.70839815999994,0.1965875595073184,15
2018-04-10,GUAR3,GUARARAPES,4669,2018-02-26 23:40:06,2017-12-31,62.4,517.3620000000002,888.624,0.1392444323413404,8748.48,9265.842,0.09590321095481662,16
2018-04-10,VALE3,VALE,4170,2018-02-27 19:11:08,2017-12-31,5284.475,60074.727,34533.678,0.10582597411693,234313.62150000004,294388.3485,0.11730653803372247,17
2018-04-10,GRND3,GRENDENE,19615,2018-02-22 19:36:18,2017-12-31,300.72,-1443.969,465.59,0.1767342321227991,8128.461600000001,6684.492600000001,0.06965225752512612,18
2018-04-10,CVCB3,CVC BRASIL,23310,2018-02-08 09:46:42,2017-12-31,141.700212,579.274,488.972,0.3380252763620137,8161.9322112,8741.2062112,0.055938732960387795,19
2018-04-10,ALSC3,ALIANSCE,21300,2018-03-12 19:07:07,2017-12-31,202.735921,-509.779,316.792,0.104640402140626,3487.0578411999995,2977.2788411999995,0.10640320134486167,20
2018-04-10,TGMA3,TEGMA,20800,2018-03-20 18:21:01,2017-12-31,66.002915,74.142,108.709,0.1514321353493908,1522.68724905,1596.82924905,0.06807803656193931,21
2018-04-10,MGLU3,MAGAZ LUIZA,22470,2018-02-22 19:44:49,2017-12-31,190.591464,-800.7620000000002,887.694,0.5567928518004974,18075.69444576,17274.93244576,0.051386250151031855,22
2018-04-10,TEND3,TENDA,21148,2018-03-08 18:33:26,2017-12-31,54.035,-227.558,123.487,0.0825641025641025,1393.5626499999998,1166.0046499999999,0.10590609565750875,23
2018-04-10,EZTC3,EZTEC,20770,2018-03-16 00:13:46,2017-12-31,165.001783,-325.862,316.712,0.0793576669603872,3489.7877104499994,3163.9257104499993,0.10010095968876419,24
2018-04-10,FLRY3,FLEURY,21881,2018-03-05 13:57:06,2017-12-31,315.312192,383.0940000000001,476.872,0.1605026987112277,8220.18884544,8603.28284544,0.05542907382764436,25
2018-04-10,MOVI3,MOVIDA,23825,2018-03-21 15:47:37,2017-12-31,213.491586,1077.431,252.108,0.1015546983716217,1678.0438659600002,2755.47486596,0.09149348561093344,26
2018-04-10,MRFG3,MARFRIG,20788,2018-03-27 19:54:11,2017-12-31,621.279822,8056.626999999999,1112.353,0.1047135796052464,5311.9424781,13368.569478099998,0.08320658405689736,27
2018-04-10,PARD3,IHPARDINI,24090,2018-03-22 19:52:55,2017-12-31,130.909,119.51899999999998,192.159,0.2719400219996526,3651.05201,3770.5710099999997,0.05096283811931181,28
2018-04-10,SGPS3,SPRINGS,20966,2018-03-22 19:43:11,2017-12-31,50.0,885.031,180.895,0.0612728187178921,529.5,1414.531,0.12788337618617054,29
2018-04-10,JSLG3,JSL,22020,2018-03-29 17:13:12,2017-12-31,202.5,5835.7210000000005,704.47,0.079088806170336,1275.75,7111.4710000000005,0.09906108033063764,30
2019-04-10,SMLS3,SMILES,24252,2019-02-14 19:48:00,2018-12-31,124.007953,-675.31,741.969,2.397127262759072,5917.65951716,5242.349517160001,0.1415336763737866,1
2019-04-10,FESA4,FERBASA,3069,2019-03-11 14:23:14,2018-12-31,88.32,104.57000000000004,375.574,0.2306001977805045,1838.8223999999998,1943.3923999999997,0.19325690478155624,2
2019-04-10,BRKM5,BRASKEM,4820,2019-03-13 19:01:57,2018-12-31,797.218554,17259.683,8303.943,0.2356220010131492,38282.434963080006,55542.11796308,0.1495071362874531,3
2019-04-10,PTBL3,PORTOBELLO,13773,2019-02-18 21:11:26,2018-12-31,158.489,513.0129999999999,244.404,0.2290500140576676,767.08676,1280.09976,0.1909257447247705,4
2019-04-10,TEND3,TENDA,21148,2019-03-12 18:04:15,2018-12-31,52.081,-313.0680000000001,219.36,0.1546470180445875,878.0856600000001,565.01766,0.3882356526696883,5
2019-04-10,LEVE3,METAL LEVE,8575,2019-03-18 17:37:44,2018-12-31,128.3085,194.03,376.895,0.1832914558053306,3035.7791100000004,3229.8091100000006,0.11669265494145563,6
2019-04-10,FRAS3,FRAS-LE,6211,2019-03-19 04:02:54,2018-12-31,217.566,141.16899999999998,139.774,0.1760408067461657,1096.5326400000001,1237.7016400000002,0.11293028584821135,7
2019-04-10,VALE3,VALE,4170,2019-03-27 19:17:38,2018-12-31,5284.475,37515.407,43175.744,0.1368812591546516,275955.2845,313470.6915,0.13773454798404972,8
2019-04-10,SEER3,SER EDUCA,23221,2019-03-28 00:05:43,2018-12-31,132.95186,-614.6800000000001,235.685,0.1706481470307842,2762.7396508,2148.0596508,0.10971995117185133,9
2019-04-10,LCAM3,LOCAMERICA,22691,2019-02-26 01:15:14,2018-12-31,116.863827,1929.653,546.51,0.2416434589842035,4325.13023727,6254.78323727,0.08737473054918095,10
2019-04-10,SLCE3,SLC AGRICOLA,20745,2019-03-13 21:18:05,2018-12-31,95.2975,962.335,657.757,0.1225747323369492,4045.3788750000003,5007.713875,0.13134875841922974,11
2019-04-10,AMAR3,LOJAS MARISA,22055,2019-03-14 19:41:59,2018-12-31,204.086,619.596,279.999,0.1226817611799797,1530.645,2150.241,0.1302174965503867,12
2019-04-10,TGMA3,TEGMA,20800,2019-03-19 17:24:11,2018-12-31,66.002915,76.65800000000002,153.416,0.1936226163978062,1772.8382969,1849.4962968999998,0.08295015256702351,13
2019-04-10,CVCB3,CVC BRASIL,23310,2019-02-26 09:49:45,2018-12-31,146.511872,1067.326,544.605,0.261608461387858,7535.105576960001,8602.43157696,0.06330826291703644,14
2019-04-10,SHOW3,TIME FOR FUN,22454,2019-03-01 12:26:53,2018-12-31,67.501,-85.192,32.17,0.1437463610144476,420.53123000000005,335.33923000000004,0.09593270671015734,15
2019-04-10,VULC3,VULCABRAS,11762,2019-03-11 18:17:56,2018-12-31,245.756,-8.620000000000005,159.78,0.1356979343197847,1597.414,1588.7939999999999,0.1005668450409556,16
2019-04-10,CAML3,CAMIL,24228,2018-05-28 19:30:19,2018-02-28,410.051876,602.9179999999999,399.574,0.109534257226377,2858.06157572,3460.97957572,0.11545112915521184,17
2019-04-10,SUZB3,SUZANO S.A.,13986,2019-02-21 19:48:22,2018-12-31,1105.826,10251.490999999998,5005.759,0.1565406145025233,47860.149280000005,58111.64028000001,0.08614038385219712,18
2019-04-10,SGPS3,SPRINGS,20966,2019-04-05 21:57:54,2018-12-31,50.0,932.114,261.395,0.0847960077422982,474.5,1406.614,0.18583278710435128,19
2019-04-10,MYPK3,IOCHP-MAXION,11932,2019-03-11 17:40:35,2018-12-31,150.575,2326.802,701.493,0.0939032704925513,3095.8219999999997,5422.624,0.1293641233469258,20
2019-04-10,BRML3,BR MALLS PAR,19909,2019-03-29 19:01:27,2018-12-31,871.866,1848.134,1641.458,0.0895426051755179,10671.63984,12519.77384,0.1311092373534441,21
2019-04-10,GRND3,GRENDENE,19615,2019-02-14 18:04:02,2018-12-31,902.16,-1412.549,456.963,0.1700432895063259,7388.6903999999995,5976.1413999999995,0.07646455621013253,22
2019-04-10,CSAN3,COSAN,19836,2019-02-14 21:41:16,2018-12-31,407.904353,7260.190999999999,2753.067,0.1080151987307521,18755.442150939998,26015.633150939997,0.10582356324087873,23
2019-04-10,RAPT4,RANDON PART,14109,2019-03-20 07:42:57,2018-12-31,345.776,1110.864,437.49,0.1172124120125678,3288.32976,4399.19376,0.09944776790190755,24
2019-04-10,FLRY3,FLEURY,21881,2019-02-27 18:06:01,2018-12-31,316.113442,450.294,503.247,0.1589488529504379,7159.9694613,7610.2634613,0.06612740840828057,25
2019-04-10,GOAU4,GERDAU MET,8656,2019-02-21 08:41:01,2018-12-31,985.679647,12204.878,4022.706,0.0714039275111025,7215.175016040001,19420.05301604,0.20714186499271883,26
2019-04-10,KLBN4,KLABIN S/A,12653,2019-02-07 07:22:13,2018-12-31,5409.80184,12398.468,2983.605,0.1063733151641854,16067.111464800002,28465.5794648,0.10481448317921895,27
2019-04-10,ODPV3,ODONTOPREV,20125,2019-02-26 18:08:27,2018-12-31,531.294792,-481.536,381.565,0.5137842673614156,8883.24892224,8401.71292224,0.04541514373693574,28
2019-04-10,PARD3,IHPARDINI,24090,2019-03-15 22:25:32,2018-12-31,130.979,98.498,170.949,0.1716995350889874,2846.17367,2944.67167,0.05805367088684627,29
2019-04-10,TUPY3,TUPY,6343,2019-03-14 17:53:35,2018-12-31,144.178,693.19,369.883,0.089147018235638,2562.04306,3255.23306,0.11362719448419462,30
2020-04-09,SMLS3,SMILES,24252,2020-02-18 21:31:21,2019-12-31,124.158953,-1173.915,765.843,1.4913737165112706,1804.02958709,630.11458709,1.2154027468826296,1
2020-04-09,CEAB3,CEA MODAS,24848,2020-03-23 18:21:14,2019-12-31,308.245068,1140.571,1033.084,1.0163284397680064,2758.7933586,3899.3643586,0.2649365140042751,2
2020-04-09,PRIO3,PETRORIO,22187,2020-02-22 00:56:46,2019-12-31,143.18589,1511.9630000000002,924.337,1.249088708983919,3800.1535206,5312.1165206000005,0.174005407527393,3
2020-04-09,TGMA3,TEGMA,20800,2020-03-31 20:26:15,2019-12-31,66.002915,150.747,242.601,0.2853976792684882,1185.4123534,1336.1593534,0.18156591830358845,4
2020-04-09,MRFG3,MARFRIG,20788,2020-02-19 19:37:09,2019-12-31,711.369913,13830.0,3412.353,0.1867687306692567,6395.21551787,20225.21551787,0.16871775714750795,5
2020-04-09,JHSF3,JHSF PART,20605,2020-02-13 20:12:49,2019-12-31,638.059981,669.2429999999999,610.973,0.125061308366694,2386.34432894,3055.58732894,0.19995272077919954,6
2020-04-09,TEND3,TENDA,21148,2020-03-19 18:25:13,2019-12-31,104.344,-200.016,290.731,0.215427380078275,2410.3464,2210.3304,0.1315328242329744,7
2020-04-09,TIMP3,TIM PART S/A,17639,2020-02-11 21:27:45,2019-12-31,2421.032479,-910.2009999999996,4514.857,0.1520504250469307,32320.783594649998,31410.582594649997,0.14373681183388787,8
2020-04-09,SEER3,SER EDUCA,23221,2020-03-27 00:09:27,2019-12-31,128.72156,-124.28500000000004,260.27,0.2007075898829602,2095.5869968,1971.3019968,0.13202949138310333,9
2020-04-09,LEVE3,METAL LEVE,8575,2020-03-30 18:43:09,2019-12-31,128.3085,250.297,345.441,0.1473790135690972,2185.0937550000003,2435.3907550000004,0.14184212504329718,10
2020-04-09,TRIS3,TRISUL,21130,2020-03-10 19:11:53,2019-12-31,186.618,-182.751,170.383,0.1445311881468076,1373.50848,1190.75748,0.14308791073057128,11
2020-04-09,BRML3,BR MALLS PAR,19909,2020-03-12 21:19:02,2019-12-31,872.728,1938.394,1968.032,0.1016832656293557,8386.916079999999,10325.31008,0.19060270197715942,12
2020-04-09,RAPT4,RANDON PART,14109,2020-03-05 08:15:00,2019-12-31,345.776,880.5149999999996,530.958,0.1115905183545353,2295.95264,3176.46764,0.16715359958774836,13
2020-04-09,YDUQ3,YDUQS PART,21016,2020-03-23 17:15:29,2019-12-31,309.089,1042.54,900.018,0.2292970449065806,8431.94792,9474.48792,0.09499384110249623,14
2020-04-09,JBSS3,JBS,20575,2020-03-25 21:19:32,2019-12-31,2728.747412,42994.076,13482.879,0.1183905208930056,52473.81273276,95467.88873276001,0.14122946656694338,15
2020-04-09,CSAN3,COSAN,19836,2020-02-14 22:18:08,2019-12-31,394.21,7338.309000000001,3599.856,0.1306639512115606,20952.261499999997,28290.570499999998,0.1272457902536819,16
2020-04-09,PARD3,IHPARDINI,24090,2020-03-31 17:36:52,2019-12-31,130.979,101.745,235.098,0.2199934497352246,2540.9926,2642.7376,0.08896002387826926,17
2020-04-09,POSI3,POSITIVO TEC,20362,2020-03-04 21:02:21,2019-12-31,87.8,251.4099999999999,98.855,0.0897698800899841,305.544,556.954,0.17749221659239364,18
2020-04-09,ENAT3,ENAUTA PART,22365,2020-03-11 23:58:51,2019-12-31,265.806905,-1452.367,210.224,0.0889881552516335,2700.5981548,1248.2311548,0.16841752362260456,19
2020-04-09,VULC3,VULCABRAS,11762,2020-03-02 19:31:15,2019-12-31,245.756,-19.111,141.764,0.1003002008914693,1039.54788,1020.4368800000001,0.138924810322418,20
2020-04-09,ARZZ3,AREZZO CO,22349,2020-03-04 18:38:54,2019-12-31,90.954,-96.89899999999996,223.102,0.2508647452377423,3449.8852199999997,3352.98622,0.0665382991046113,21
2020-04-09,LOGN3,LOG-IN,20710,2020-03-17 19:38:33,2019-12-31,104.199191,593.1109999999999,172.483,0.1293109664462616,1340.0015962599998,1933.1125962599997,0.08922553209456269,22
2020-04-09,ODPV3,ODONTOPREV,20125,2020-03-27 17:15:35,2019-12-31,531.294792,-544.277,386.324,0.4634607163111284,7459.37887968,6915.10187968,0.05586671125341068,23
2020-04-09,MYPK3,IOCHP-MAXION,11932,2020-03-05 18:21:10,2019-12-31,153.72,2415.446,676.255,0.0807785925507784,1730.8872,4146.3332,0.1630971191606116,24
2020-04-09,TUPY3,TUPY,6343,2020-03-03 18:28:00,2019-12-31,144.178,643.951,356.591,0.0813472567817878,1810.87568,2454.82668,0.14526117175816258,25
2020-04-09,FLRY3,FLEURY,21881,2020-02-19 19:58:12,2019-12-31,316.74446,752.1460000000001,560.179,0.1680342233059349,6882.8571158,7635.0031158,0.07336984563120301,26
2020-04-09,LCAM3,LOCAMERICA,22691,2020-03-12 22:51:59,2019-12-31,508.729411,2659.171,798.825,0.117286131270273,6501.56187258,9160.73287258,0.08720099266195735,27
2020-04-09,SLCE3,SLC AGRICOLA,20745,2020-03-26 16:12:12,2019-12-31,190.595,974.997,558.712,0.0981477995724348,3874.7963499999996,4849.79335,0.11520325912443259,28
2020-04-09,LREN3,LOJAS RENNER,8133,2020-02-06 20:43:20,2019-12-31,795.558,272.72699999999986,1643.654,0.2414052894963121,29809.558259999998,30082.285259999997,0.05463860161533486,29
2020-04-09,MTRE3,MITRE REALTY,24902,2020-03-31 00:06:06,2019-12-31,56.1,87.45100000000002,42.19,0.2101714104567171,590.172,677.623,0.06226175911974652,30
2021-04-12,INTB3,INTELBRAS,25453,2021-04-07 12:23:04,2020-12-31,28.161111,-252.617,386.374,0.4330965915363307,613.34899758,360.73199758,1.0710832490381266,1
2021-04-12,MRFG3,MARFRIG,20788,2021-04-08 18:08:50,2020-12-31,711.369913,15742.128,7853.862,0.3321437689974862,12932.70501834,28674.833018340003,0.27389390532725283,2
2021-04-12,LAVV3,LAVVI,25062,2021-03-18 17:52:55,2020-12-31,214.628652,-862.967,118.836,0.7453152528199327,1581.81316524,718.84616524,0.16531492514858784,3
2021-04-12,TASA4,TAURUS ARMAS,6173,2021-03-19 00:03:01,2020-12-31,96.129483,675.178,434.323,0.7001890110749057,2212.9006986599998,2888.0786986599996,0.15038475239664195,4
2021-04-12,CYRE3,CYRELA REALT,14460,2021-03-18 17:20:56,2020-12-31,399.743,861.104,2204.877,0.2304507493115626,10157.46963,11018.573629999999,0.20010548316315968,5
2021-04-12,SMLS3,SMILES,24252,2021-03-08 22:42:32,2020-12-31,124.158953,-735.1479999999999,210.253,4.416517504774018,2664.45113138,1929.30313138,0.10897872738619843,6
2021-04-12,POSI3,POSITIVO TEC,20362,2021-03-17 17:19:12,2020-12-31,141.8,218.77199999999996,277.676,0.233073501021236,1290.38,1509.152,0.18399472021373592,7
2021-04-12,RAPT4,RANDON PART,14109,2021-03-11 19:59:12,2020-12-31,345.776,1144.699,1014.44,0.2186828670814757,4871.98384,6016.6828399999995,0.16860453292565444,8
2021-04-12,SEER3,SER EDUCA,23221,2021-03-26 00:46:01,2020-12-31,128.72156,-90.05100000000004,313.194,0.1745545653912378,1722.2944728000002,1632.2434728000003,0.19187946235909123,9
2021-04-12,BEEF3,MINERVA,20931,2021-02-25 19:55:11,2020-12-31,548.426499,5180.609,1793.773,0.206743317808101,6120.4397288400005,11301.04872884,0.15872624240813465,10
2021-04-12,PLPL3,PLANOEPLANO,25070,2021-03-25 18:12:41,2020-12-31,204.256,86.46600000000001,150.509,0.5600208592899948,1427.74944,1514.21544,0.09939734863620199,11
2021-04-12,JBSS3,JBS,20575,2021-03-24 19:20:51,2020-12-31,2623.373646,46226.962,20503.095,0.1792890493516989,84210.29403660001,130437.25603660001,0.15718741426335234,12
2021-04-12,ALLD3,ALLIED,25330,2021-03-01 19:30:34,2020-12-31,80.415,61.05199999999997,270.385,0.1514759333232606,1411.2832500000002,1472.33525,0.18364363686870908,13
2021-04-12,ODPV3,ODONTOPREV,20125,2021-03-04 18:14:30,2020-12-31,531.294792,-736.846,514.863,0.5938484418471347,7076.8466294400005,6340.000629440001,0.0812086670164064,14
2021-04-12,CURY3,CURY S/A,25100,2021-03-22 18:42:16,2020-12-31,291.875088,-154.19500000000005,225.022,0.4414556803995005,2936.2633852800004,2782.0683852800003,0.08088298662628048,15
2021-04-12,JHSF3,JHSF PART,20605,2021-02-18 18:11:19,2020-12-31,684.810641,525.9170000000001,816.171,0.1445701498457742,4677.25667803,5203.173678030001,0.1568602261819972,16
2021-04-12,VALE3,VALE,4170,2021-02-25 21:17:09,2020-12-31,5284.474,8003.528999999995,52067.618,0.1834100794208668,545304.87206,553308.40106,0.09410234491334583,17
2021-04-12,TEND3,TENDA,21148,2021-03-11 19:14:53,2020-12-31,104.344,-148.33699999999976,264.648,0.151661666780991,2869.46,2721.1230000000005,0.09725690459416939,18
2021-04-12,TRIS3,TRISUL,21130,2021-03-10 18:04:27,2020-12-31,186.618,62.529,199.096,0.1443388647170799,1869.9123599999998,1932.4413599999998,0.10302822332471709,19
2021-04-12,GOAU4,GERDAU MET,8656,2021-02-24 08:18:57,2020-12-31,1087.243204,8402.537999999999,5186.31,0.0925564385147141,15090.935671520003,23493.47367152,0.2207553498692325,20
2021-04-12,LOGN3,LOG-IN,20710,2021-03-09 18:00:19,2020-12-31,105.489191,680.4320000000001,192.76,0.1397796866038644,1638.24713623,2318.67913623,0.0831335379648145,21
2021-04-12,PCAR3,P.ACUCAR-CBD,14826,2021-02-23 20:49:46,2020-12-31,268.352,440.0,2629.0,0.0876864766525166,9700.924799999999,10140.924799999999,0.25924657285694497,22
2021-04-12,USIM5,USIMINAS,14320,2021-02-12 07:57:07,2020-12-31,1253.079108,1100.2579999999998,2928.465,0.103077674471266,24272.14232196,25372.400321959998,0.11541931243554408,23
2021-04-12,LJQQ3,QUERO-QUERO,25038,2021-03-03 18:25:46,2020-12-31,187.29,-131.23000000000002,153.568,0.4794936110020389,3064.0643999999998,2932.8343999999997,0.05236163351057258,24
2021-04-12,FRAS3,FRAS-LE,6211,2021-03-04 10:11:31,2020-12-31,217.566,461.47,239.98,0.1652632380729785,2856.64158,3318.11158,0.07232427066241094,25
2021-04-12,KEPL3,KEPLER WEBER,7870,2021-02-24 19:59:12,2020-12-31,26.312,-264.3179999999999,80.425,0.1231217613575739,1202.19528,937.8772799999999,0.08575215725451842,26
2021-04-12,PARD3,IHPARDINI,24090,2021-03-24 17:20:25,2020-12-31,130.979,151.628,200.259,0.1655860365998037,2686.3792900000003,2838.0072900000005,0.0705632436906108,27
2021-04-12,RANI3,IRANI,2429,2021-02-26 08:01:05,2020-12-31,256.72,242.015,165.515,0.1025905932867148,1435.0648,1677.0798,0.09869238184134112,28
2021-04-12,TESA3,TERRA SANTA,20354,2021-03-10 21:25:50,2020-12-31,21.779,1015.131,248.398,0.0951826985601486,930.83446,1945.96546,0.12764769216407368,29
2021-04-12,MTRE3,MITRE REALTY,24902,2021-03-15 18:34:49,2020-12-31,105.77482,-720.95,38.067,0.1666327532233246,1354.9754442,634.0254442,0.06004017716991175,30
2022-04-11,BRKM5,BRASKEM,4820,2022-03-16 19:43:41,2021-12-31,797.207834,22861.694,26043.547,0.836141927854492,36137.43111522,58999.12511522,0.44142259650697,1
2022-04-11,ENAT3,ENAUTA PART,22365,2022-03-17 21:43:45,2021-12-31,265.806905,-2248.785,2114.632,0.7647419512505178,5778.642114699999,3529.8571146999993,0.5990701411662442,2
2022-04-11,USIM5,USIMINAS,14320,2022-02-11 07:52:46,2021-12-31,1253.079108,-723.9719999999998,11490.462,0.4227630715467375,16227.374448599998,15503.402448599998,0.7411574354787921,3
2022-04-11,CMIN3,CSNMINERACAO,25585,2022-03-09 20:33:03,2021-12-31,5485.838838,-6220.762999999999,9469.498,0.6980936816726452,32092.157202299997,25871.394202299998,0.36602194400324006,4
2022-04-11,TASA4,TAURUS ARMAS,6173,2022-03-15 17:55:37,2021-12-31,118.099545,436.769,973.565,0.7857878877559256,2873.36192985,3310.13092985,0.29411676475411125,5
2022-04-11,GOAU4,GERDAU MET,8656,2022-02-23 07:39:32,2021-12-31,1087.243204,6484.661000000002,20984.569,0.3375798981825967,12709.87305476,19194.534054760003,1.0932575357199719,6
2022-04-11,MRFG3,MARFRIG,20788,2022-03-08 18:33:31,2021-12-31,691.369913,22568.0,12611.143,0.4322430318644014,15175.56959035,37743.56959035,0.3341269290868642,7
2022-04-11,VALE3,VALE,4170,2022-02-24 19:18:54,2021-12-31,5132.458,10472.0,141335.0,0.5042666711917507,482656.35031999997,493128.35031999997,0.2866089526353233,8
2022-04-11,DEXP3,DEXXOS PAR,16632,2022-03-23 08:53:07,2021-12-31,94.013535,251.24800000000005,254.073,0.4085103304124126,714.502866,965.7508660000001,0.26308337786155295,9
2022-04-11,GGBR4,GERDAU,3980,2022-02-23 07:39:08,2021-12-31,1719.658728,7252.827000000001,21023.022,0.3388970249630369,50420.39390496,57673.220904960006,0.3645196448217093,10
2022-04-11,LEVE3,METAL LEVE,8575,2022-03-28 17:45:22,2021-12-31,128.3085,-88.89100000000002,722.621,0.366271255688791,3037.0621950000004,2948.1711950000004,0.2451082220820626,11
2022-04-11,CURY3,CURY S/A,25100,2022-03-24 16:23:07,2021-12-31,291.875088,-300.348,376.368,0.5088221027792345,2183.22565824,1882.87765824,0.19988977953660886,12
2022-04-11,SYNE3,SYN PROP TEC,21040,2022-02-25 00:12:00,2021-12-31,152.644,860.1700000000001,1634.237,0.268649393444644,943.33992,1803.50992,0.906142506829128,13
2022-04-11,LAVV3,LAVVI,25062,2022-03-09 18:22:16,2021-12-31,208.191252,-464.271,176.563,0.2664346303163882,993.0722720399999,528.80127204,0.3338929184471483,14
2022-04-11,ALLD3,ALLIED,25330,2022-03-29 19:13:47,2021-12-31,93.221,-338.125,407.51,0.225703086253471,1382.4674300000001,1044.3424300000001,0.3902072618077961,15
2022-04-11,RANI3,IRANI,2429,2022-02-24 07:33:49,2021-12-31,256.72,386.053,435.824,0.2797615581005179,1653.2768000000003,2039.3298000000004,0.21370942551812852,16
2022-04-11,MLAS3,MULTILASER,26034,2022-03-24 23:45:31,2021-12-31,820.539225,-362.409,778.478,0.2904412337473296,4824.770643,4462.361643,0.1744542603850093,17
2022-04-11,FESA4,FERBASA,3069,2022-03-04 18:20:09,2021-12-31,88.32,-196.923,800.842,0.2619011074498922,3887.8464,3690.9233999999997,0.21697605536869177,18
2022-04-11,SLCE3,SLC AGRICOLA,20745,2022-03-15 23:58:48,2021-12-31,212.422599,2447.979,1913.367,0.3185495655209711,10293.99914754,12741.97814754,0.1501624769596234,19
2022-04-11,EUCA4,EUCATEX,5770,2022-03-30 20:18:52,2021-12-31,92.619,380.81,549.721,0.1907392769047333,928.9685699999999,1309.77857,0.41970529415517926,20
2022-04-11,JBSS3,JBS,20575,2022-03-21 18:41:00,2021-12-31,2373.86657,68033.65,32270.103,0.2372506951592945,91037.78295950001,159071.4329595,0.20286548250442962,21
2022-04-11,PARD3,IHPARDINI,24090,2022-02-10 20:22:26,2021-12-31,130.979,64.27800000000002,359.094,0.2674788473453799,2347.1436800000006,2411.4216800000004,0.14891381419445476,22
2022-04-11,PDTC3,PADTEC,18414,2022-03-15 18:02:05,2021-12-31,78.45,20.338999999999984,55.339,0.2940743484247055,401.66400000000004,422.00300000000004,0.13113413885683275,23
2022-04-11,PTBL3,PORTOBELLO,13773,2022-03-17 22:16:43,2021-12-31,147.53,572.6740000000001,288.741,0.2327916445258817,1313.017,1885.6910000000003,0.15312211809888254,24
2022-04-11,RAPT4,RANDON PART,14109,2022-02-24 19:36:51,2021-12-31,329.331,1812.9349999999995,1100.515,0.1910906856103437,3392.1093000000005,5205.0443,0.21143239837555278,25
2022-04-11,BMOB3,BEMOBI TECH,25500,2022-03-16 22:29:17,2021-12-31,90.909092,-513.733,84.873,1.2897444280714685,1421.8181988800002,908.0851988800002,0.09346369713401267,26
2022-04-11,BLAU3,BLAU,24627,2022-02-21 23:20:48,2021-12-31,179.393939,-548.304,456.624,0.4317920327355878,4859.781807509999,4311.477807509999,0.10590892969566584,27
2022-04-11,ODPV3,ODONTOPREV,20125,2022-02-23 18:10:22,2021-12-31,531.294792,-331.562,507.952,0.7136906239422317,5791.1132328,5459.5512328,0.09303914888614212,28
2022-04-11,BEEF3,MINERVA,20931,2022-02-23 21:43:02,2021-12-31,606.700828,6102.696,2035.418,0.2231268987677639,8251.131260799999,14353.827260799999,0.14180315556386022,29
2022-04-11,JHSF3,JHSF PART,20605,2022-02-24 19:37:23,2021-12-31,686.224353,1099.498,1113.511,0.1688458876917477,4412.42258979,5511.920589789999,0.20201869418485655,30
